Region,Market,Chart,Name,Unit,Source,2017,2018,2019,2020,2021,2022,2023,2024,2025,2026,2027
Iran,eCommerce,Revenue,Total,billion USD (US$),Statista,2.933,4.125,5.348,8.841,12.95,13.03,19.19,25.12,32.6,35.56,39.43
Iran,eCommerce,Revenue,"Beauty, Health, Personal & Household Care",billion USD (US$),Statista,0.311,0.443,0.565,0.761,1.084,1.157,1.625,2.038,2.577,2.834,3.151
Iran,eCommerce,Revenue,Beverages,billion USD (US$),Statista,0.014,0.023,0.045,0.161,0.518,0.566,0.855,1.176,1.622,1.791,2.019
Iran,eCommerce,Revenue,Electronics,billion USD (US$),Statista,1.315,1.781,2.238,3.626,5.009,4.904,7.636,10.02,12.99,14.1,15.59
Iran,eCommerce,Revenue,Fashion,billion USD (US$),Statista,0.812,1.17,1.56,2.776,4.006,3.897,5.369,6.943,9.032,9.808,10.84
Iran,eCommerce,Revenue,Food,billion USD (US$),Statista,0.05,0.091,0.148,0.303,0.69,0.902,1.533,2.397,3.381,3.748,4.256
Iran,eCommerce,Revenue,Furniture,billion USD (US$),Statista,0.17,0.236,0.288,0.346,0.483,0.448,0.707,0.889,1.115,1.223,1.358
Iran,eCommerce,Revenue,Media,billion USD (US$),Statista,0.097,0.139,0.18,0.271,0.32,0.29,0.335,0.337,0.337,0.347,0.353
Iran,eCommerce,Revenue,"Toys, Hobby & DIY",billion USD (US$),Statista,0.165,0.242,0.324,0.596,0.84,0.87,1.136,1.32,1.551,1.7,1.863
Iran,eCommerce,Revenue Change,Total,percent,Statista,,40.641,29.648,65.314,46.477,0.618,47.276,30.902,29.777,9.08,10.883
Iran,eCommerce,Revenue Change,"Beauty, Health, Personal & Household Care",percent,Statista,,42.595,27.568,34.779,42.351,6.734,40.449,25.415,26.447,9.973,11.186
Iran,eCommerce,Revenue Change,Beverages,percent,Statista,,68.448,96.784,254.903,222.215,9.347,50.936,37.608,37.925,10.419,12.73
Iran,eCommerce,Revenue Change,Electronics,percent,Statista,,35.437,25.66,62.02,38.141,-2.096,55.71,31.221,29.641,8.545,10.567
Iran,eCommerce,Revenue Change,Fashion,percent,Statista,,44.071,33.333,77.949,44.308,-2.721,37.773,29.316,30.088,8.592,10.522
Iran,eCommerce,Revenue Change,Food,percent,Statista,,82.993,61.601,105.345,127.414,30.701,69.937,56.36,41.051,10.855,13.554
Iran,eCommerce,Revenue Change,Furniture,percent,Statista,,39.069,22.076,20.236,39.319,-7.19,57.87,25.682,25.464,9.686,11.038
Iran,eCommerce,Revenue Change,Media,percent,Statista,,43.107,29.662,50.194,18.373,-9.275,15.146,0.867,-0.237,3.09,1.758
Iran,eCommerce,Revenue Change,"Toys, Hobby & DIY",percent,Statista,,46.424,34.23,83.811,40.966,3.487,30.635,16.197,17.5,9.607,9.588
Iran,eCommerce,Average Revenue per User,Total,USD (US$),Statista,127.2,147.1,151.5,220.8,290.7,269,370.9,466,581.4,611.1,657.7
Iran,eCommerce,Average Revenue per User,"Beauty, Health, Personal & Household Care",USD (US$),Statista,27.88,33.51,36.32,42.43,53.95,53.15,69.47,82.4,98.49,103.2,110
Iran,eCommerce,Average Revenue per User,Beverages,USD (US$),Statista,2.492,3.37,5.376,16.03,44.22,42.28,57.38,73.37,94.41,96.9,102.5
Iran,eCommerce,Average Revenue per User,Electronics,USD (US$),Statista,81.53,91.07,95.15,131,157.5,137.9,196.5,242.4,296.4,302.8,317.7
Iran,eCommerce,Average Revenue per User,Fashion,USD (US$),Statista,48.13,58.77,67.06,103.7,132.3,115.7,146.5,177.9,217.8,222.4,233
Iran,eCommerce,Average Revenue per User,Food,USD (US$),Statista,9.694,14.25,18.66,32.2,62.68,71.63,109.4,159.1,209.3,215.7,229.7
Iran,eCommerce,Average Revenue per User,Furniture,USD (US$),Statista,27.37,29.52,28.22,27.57,31.81,25,34.67,39.92,46.15,46.23,47.4
Iran,eCommerce,Average Revenue per User,Media,USD (US$),Statista,8.985,10.22,11.06,14.02,14.21,11.35,11.75,11.01,10.24,9.814,9.365
Iran,eCommerce,Average Revenue per User,"Toys, Hobby & DIY",USD (US$),Statista,14.67,17,18.15,27.49,32.39,28.72,33.33,35.66,38.76,39.04,39.73
Iran,eCommerce,Comparable Estimates - eCommerce (Worldwide),*Statista,trillion USD (US$),,2.249,2.429,2.642,3.282,3.86,3.609,4.505,5.037,5.675,6.021,6.429
Iran,eCommerce,Comparable Estimates - eCommerce (Worldwide),The BRC,trillion USD (US$),,,,,,2.634,3.048,,,,4.798,
Iran,eCommerce,Comparable Estimates - eCommerce (Worldwide),UNCTAD,trillion USD (US$),,,,4.87,,,,,,,,
Iran,eCommerce,Online & Offline Split,Offline,percent,Statista,97.129,96.516,96.152,94.548,93.403,92.897,92.234,91.393,90.081,,
Iran,eCommerce,Online & Offline Split,Online,percent,Statista,2.871,3.484,3.848,5.452,6.597,7.103,7.766,8.607,9.919,,
Iran,eCommerce,Mobile/Desktop Split,Desktop,percent,Statista,73.764,69.68,66.22,62.967,61.076,59.964,58.876,57.788,56.926,,
Iran,eCommerce,Mobile/Desktop Split,Mobile,percent,Statista,26.236,30.32,33.78,37.033,38.924,40.036,41.124,42.212,43.074,,
Iran,eCommerce,Users,Total,million users,Statista,23.056,28.033,35.31,40.034,44.542,48.45,51.753,53.899,56.077,58.187,59.956
Iran,eCommerce,Users,"Beauty, Health, Personal & Household Care",million users,Statista,11.14,13.217,15.555,17.949,20.086,21.768,23.391,24.737,26.167,27.464,28.661
Iran,eCommerce,Users,Beverages,million users,Statista,5.483,6.827,8.423,10.021,11.711,13.394,14.893,16.024,17.176,18.483,19.703
Iran,eCommerce,Users,Electronics,million users,Statista,16.131,19.562,23.518,27.671,31.802,35.568,38.851,41.322,43.826,46.577,49.083
Iran,eCommerce,Users,Fashion,million users,Statista,16.871,19.9,23.259,26.774,30.285,33.675,36.638,39.037,41.48,44.092,46.533
Iran,eCommerce,Users,Food,million users,Statista,5.156,6.42,7.92,9.423,11.011,12.594,14.004,15.067,16.15,17.379,18.527
Iran,eCommerce,Users,Furniture,million users,Statista,6.201,7.993,10.211,12.564,15.172,17.918,20.395,22.265,24.169,26.461,28.649
Iran,eCommerce,Users,Media,million users,Statista,10.802,13.597,16.28,19.295,22.536,25.593,28.456,30.645,32.874,35.363,37.703
Iran,eCommerce,Users,"Toys, Hobby & DIY",million users,Statista,11.249,14.211,17.873,21.688,25.941,30.275,34.094,37.024,40.009,43.543,46.894
Iran,eCommerce,Penetration Rate,"Beauty, Health, Personal & Household Care",percent,Statista,13.809,16.158,18.76,21.37,23.623,25.305,26.894,28.144,29.476,30.644,31.693
Iran,eCommerce,Penetration Rate,Beverages,percent,Statista,6.797,8.346,10.158,11.931,13.772,15.57,17.123,18.232,19.347,20.623,21.787
Iran,eCommerce,Penetration Rate,eCommerce,percent,Statista,28.579,34.27,42.586,47.663,52.385,56.322,59.503,61.324,63.168,64.924,66.299
Iran,eCommerce,Penetration Rate,Electronics,percent,Statista,19.996,23.914,28.364,32.945,37.401,41.347,44.668,47.014,49.368,51.971,54.276
Iran,eCommerce,Penetration Rate,Fashion,percent,Statista,20.913,24.327,28.052,31.876,35.617,39.147,42.124,44.414,46.725,49.198,51.456
Iran,eCommerce,Penetration Rate,Food,percent,Statista,6.391,7.848,9.552,11.219,12.95,14.64,16.101,17.143,18.192,19.392,20.487
Iran,eCommerce,Penetration Rate,Furniture,percent,Statista,7.686,9.772,12.315,14.959,17.844,20.83,23.449,25.332,27.225,29.525,31.679
Iran,eCommerce,Penetration Rate,Media,percent,Statista,13.39,16.622,19.634,22.972,26.503,29.751,32.717,34.867,37.031,39.458,41.691
Iran,eCommerce,Penetration Rate,"Toys, Hobby & DIY",percent,Statista,13.944,17.373,21.556,25.821,30.509,35.195,39.2,42.125,45.067,48.585,51.855
Iran,Electronics,Revenue,Total,billion USD (US$),Statista,1.315,1.781,2.238,3.626,5.009,4.904,7.636,10.02,12.99,14.1,15.59
Iran,Electronics,Revenue,Consumer Electronics,billion USD (US$),Statista,1.049,1.404,1.742,2.819,3.81,3.612,5.727,7.442,9.478,10.28,11.34
Iran,Electronics,Revenue,Household Appliances,billion USD (US$),Statista,0.266,0.378,0.496,0.807,1.2,1.292,1.909,2.574,3.512,3.82,4.257
Iran,Electronics,Revenue Change,Total,percent,Statista,,35.437,25.66,62.02,38.141,-2.096,55.71,31.221,29.641,8.545,10.567
Iran,Electronics,Revenue Change,Consumer Electronics,percent,Statista,,33.842,24.074,61.825,35.154,-5.197,58.555,29.946,27.358,8.462,10.311
Iran,Electronics,Revenue Change,Household Appliances,percent,Statista,,42.083,31.207,62.8,48.699,7.667,47.755,34.835,36.441,8.77,11.44
Iran,Electronics,Average Revenue per User by Segment,Total,USD (US$),Statista,81.53,91.07,95.15,131,157.5,137.9,196.5,242.4,296.4,302.8,317.7
Iran,Electronics,Average Revenue per User by Segment,Consumer Electronics,USD (US$),Statista,64.96,73.87,79.04,112,136.3,119.1,177.6,221,269.8,281,299.3
Iran,Electronics,Average Revenue per User by Segment,Household Appliances,USD (US$),Statista,27.43,30.61,31.57,41.66,50.95,46.62,60.39,74.45,93.4,92.8,95.49
Iran,Electronics,Comparable Estimates - eCommerce (Worldwide),*Statista,trillion USD (US$),,2.249,2.429,2.642,3.282,3.86,3.609,4.505,5.037,5.675,6.021,6.429
Iran,Electronics,Comparable Estimates - eCommerce (Worldwide),The BRC,trillion USD (US$),,,,,,2.634,3.048,,,,4.798,
Iran,Electronics,Comparable Estimates - eCommerce (Worldwide),UNCTAD,trillion USD (US$),,,,4.87,,,,,,,,
Iran,Electronics,Online & Offline Split,Offline,percent,Statista,91.025,88.752,86.953,82.036,77.839,72.551,67.885,61.896,55.593,,
Iran,Electronics,Online & Offline Split,Online,percent,Statista,8.975,11.248,13.047,17.964,22.161,27.449,32.115,38.104,44.407,,
Iran,Electronics,Mobile/Desktop Split,Desktop,percent,Statista,66.68,60.901,55.957,53.515,52.467,52.046,51.881,51.818,51.796,,
Iran,Electronics,Mobile/Desktop Split,Mobile,percent,Statista,33.32,39.099,44.043,46.485,47.533,47.954,48.119,48.182,48.204,,
Iran,Electronics,Users by Segment,Total,million users,Statista,16.131,19.562,23.518,27.671,31.802,35.568,38.851,41.322,43.826,46.577,49.083
Iran,Electronics,Users by Segment,Consumer Electronics,million users,Statista,16.152,19.001,22.041,25.181,27.955,30.334,32.244,33.678,35.134,36.596,37.87
Iran,Electronics,Users by Segment,Household Appliances,million users,Statista,9.693,12.346,15.703,19.37,23.544,27.713,31.613,34.579,37.6,41.162,44.576
Iran,Electronics,Penetration Rate by Segment,Consumer Electronics,percent,Statista,20.022,23.229,26.582,29.98,32.877,35.263,37.072,38.317,39.577,40.833,41.876
Iran,Electronics,Penetration Rate by Segment,Electronics,percent,Statista,19.996,23.914,28.364,32.945,37.401,41.347,44.668,47.014,49.368,51.971,54.276
Iran,Electronics,Penetration Rate by Segment,Household Appliances,percent,Statista,12.015,15.093,18.939,23.061,27.689,32.216,36.347,39.342,42.354,45.928,49.292
Iran,Consumer Electronics,Revenue,Total,million USD (US$),Statista,"1,049","1,404","1,742","2,819","3,810","3,612","5,727","7,442","9,478","10,280","11,340"
Iran,Consumer Electronics,Revenue,Computing,million USD (US$),Statista,187.4,254.3,316.5,459.2,626.8,576.6,913.5,"1,163","1,486","1,619","1,791"
Iran,Consumer Electronics,Revenue,Other Consumer Electronics,million USD (US$),Statista,383.1,512.2,635.8,"1,028","1,387","1,316","2,087","2,713","3,455","3,740","4,116"
Iran,Consumer Electronics,Revenue,Telephony,million USD (US$),Statista,304.9,399.2,492.5,884,"1,164","1,141","1,815","2,411","3,069","3,329","3,668"
Iran,Consumer Electronics,Revenue,"TV, Radio & Multimedia",million USD (US$),Statista,172.5,236.1,295.1,444.2,628.4,575.2,906.3,"1,149","1,460","1,588","1,752"
Iran,Consumer Electronics,Revenue,TV Peripheral Devices,million USD (US$),Statista,1.412,1.757,2.176,3.368,3.655,3.206,4.708,5.63,6.86,7.468,8.212
Iran,Consumer Electronics,Revenue Change,Total,percent,Statista,,33.842,24.074,61.825,35.154,-5.197,58.555,29.946,27.358,8.462,10.311
Iran,Consumer Electronics,Revenue Change,Computing,percent,Statista,,35.699,24.459,45.087,36.498,-8.009,58.429,27.313,27.773,8.95,10.624
Iran,Consumer Electronics,Revenue Change,Other Consumer Electronics,percent,Statista,,33.699,24.131,61.686,34.922,-5.119,58.587,29.995,27.35,8.249,10.053
Iran,Consumer Electronics,Revenue Change,Telephony,percent,Statista,,30.928,23.372,79.492,31.674,-1.976,59.071,32.837,27.292,8.472,10.183
Iran,Consumer Electronics,Revenue Change,"TV, Radio & Multimedia",percent,Statista,,36.87,24.989,50.525,41.468,-8.466,57.563,26.779,27.067,8.767,10.327
Iran,Consumer Electronics,Revenue Change,TV Peripheral Devices,percent,Statista,,24.433,23.847,54.779,8.521,-12.285,46.85,19.584,21.847,8.863,9.963
Iran,Consumer Electronics,Average Revenue per User,Total,USD (US$),Statista,64.96,73.87,79.04,112,136.3,119.1,177.6,221,269.8,281,299.3
Iran,Consumer Electronics,Average Revenue per User,Computing,USD (US$),Statista,16.57,19.12,20.51,26.05,32.03,27.16,40.47,49.34,60.42,63.22,67.57
Iran,Consumer Electronics,Average Revenue per User,Other Consumer Electronics,USD (US$),Statista,29.65,33.69,36.06,51.05,62.02,54.24,80.91,100.7,122.9,127.8,135.9
Iran,Consumer Electronics,Average Revenue per User,Telephony,USD (US$),Statista,23.59,26.26,27.93,43.88,52.04,47.02,70.37,89.5,109.2,113.7,121.1
Iran,Consumer Electronics,Average Revenue per User,"TV, Radio & Multimedia",USD (US$),Statista,26.7,31.07,33.47,44.1,56.2,47.41,70.27,85.26,103.9,108.5,115.7
Iran,Consumer Electronics,Average Revenue per User,TV Peripheral Devices,USD (US$),Statista,0.291,0.308,0.329,0.446,0.436,0.352,0.487,0.557,0.651,0.68,0.723
Iran,Consumer Electronics,Comparable Estimates - Consumer Electronics (Worldwide),*Statista,trillion USD (US$),,0.503,0.508,0.522,0.63,0.695,0.548,0.724,0.768,0.839,0.872,0.913
Iran,Consumer Electronics,Comparable Estimates - Consumer Electronics (Worldwide),The BRC,trillion USD (US$),,,,,,0.473,0.539,,,,0.825,
Iran,Consumer Electronics,Online & Offline Split,Offline,percent,Statista,88.792,86.243,84.335,77.835,73.196,68.321,63.963,58.317,52.618,,
Iran,Consumer Electronics,Online & Offline Split,Online,percent,Statista,11.208,13.757,15.665,22.165,26.804,31.679,36.037,41.683,47.382,,
Iran,Consumer Electronics,Mobile/Desktop Split,Desktop,percent,Statista,66.778,60.948,55.994,53.533,52.466,52.028,51.847,51.771,51.734,,
Iran,Consumer Electronics,Mobile/Desktop Split,Mobile,percent,Statista,33.222,39.052,44.006,46.467,47.534,47.972,48.153,48.229,48.266,,
Iran,Consumer Electronics,Users,Total,million users,Statista,16.152,19.001,22.041,25.181,27.955,30.334,32.244,33.678,35.134,36.596,37.87
Iran,Consumer Electronics,Users,Computing,million users,Statista,11.307,13.301,15.428,17.627,19.569,21.234,22.571,23.574,24.594,25.617,26.509
Iran,Consumer Electronics,Users,Other Consumer Electronics,million users,Statista,12.922,15.201,17.632,20.145,22.364,24.267,25.795,26.942,28.107,29.276,30.295
Iran,Consumer Electronics,Users,Telephony,million users,Statista,12.922,15.201,17.632,20.145,22.364,24.267,25.795,26.942,28.107,29.276,30.295
Iran,Consumer Electronics,Users,"TV, Radio & Multimedia",million users,Statista,6.461,7.6,8.816,10.072,11.182,12.134,12.898,13.471,14.054,14.638,15.148
Iran,Consumer Electronics,Users,TV Peripheral Devices,million users,Statista,4.846,5.7,6.612,7.554,8.387,9.1,9.673,10.103,10.54,10.979,11.361
Iran,Consumer Electronics,Penetration Rate,Computing,percent,Statista,14.015,16.26,18.608,20.986,23.014,24.684,25.951,26.822,27.704,28.583,29.313
Iran,Consumer Electronics,Penetration Rate,Consumer Electronics,percent,Statista,20.022,23.229,26.582,29.98,32.877,35.263,37.072,38.317,39.577,40.833,41.876
Iran,Consumer Electronics,Penetration Rate,Other Consumer Electronics,percent,Statista,16.018,18.583,21.266,23.984,26.302,28.21,29.658,30.654,31.662,32.666,33.5
Iran,Consumer Electronics,Penetration Rate,Telephony,percent,Statista,16.018,18.583,21.266,23.984,26.302,28.21,29.658,30.654,31.662,32.666,33.5
Iran,Consumer Electronics,Penetration Rate,"TV, Radio & Multimedia",percent,Statista,8.009,9.292,10.633,11.992,13.151,14.105,14.829,15.327,15.831,16.333,16.75
Iran,Consumer Electronics,Penetration Rate,TV Peripheral Devices,percent,Statista,6.007,6.969,7.975,8.994,9.863,10.579,11.122,11.495,11.873,12.25,12.563
Iran,Household Appliances,Revenue,Total,billion USD (US$),Statista,0.266,0.378,0.496,0.807,1.2,1.292,1.909,2.574,3.512,3.82,4.257
Iran,Household Appliances,Revenue,Major Appliances,billion USD (US$),Statista,0.131,0.187,0.245,0.399,0.591,0.642,0.945,1.27,1.735,1.871,2.071
Iran,Household Appliances,Revenue,Other Household Appliances,billion USD (US$),Statista,0.06,0.086,0.112,0.183,0.272,0.293,0.433,0.584,0.796,0.878,0.987
Iran,Household Appliances,Revenue,Small Appliances,billion USD (US$),Statista,0.074,0.106,0.138,0.225,0.337,0.357,0.531,0.72,0.98,1.071,1.198
Iran,Household Appliances,Revenue Change,Total,percent,Statista,,42.083,31.207,62.8,48.699,7.667,47.755,34.835,36.441,8.77,11.44
Iran,Household Appliances,Revenue Change,Major Appliances,percent,Statista,,42.117,31.243,62.924,48.145,8.577,47.227,34.406,36.614,7.839,10.689
Iran,Household Appliances,Revenue Change,Other Household Appliances,percent,Statista,,42.12,31.201,62.811,48.634,7.684,47.764,34.866,36.406,10.249,12.486
Iran,Household Appliances,Revenue Change,Small Appliances,percent,Statista,,42.165,31.061,62.572,49.6,6.12,48.768,35.548,36.096,9.252,11.858
Iran,Household Appliances,Average Revenue per User,Total,USD (US$),Statista,27.43,30.61,31.57,41.66,50.95,46.62,60.39,74.45,93.4,92.8,95.49
Iran,Household Appliances,Average Revenue per User,Major Appliances,USD (US$),Statista,33.87,37.78,39,51.5,62.76,57.9,74.72,91.85,115.4,113.7,116.2
Iran,Household Appliances,Average Revenue per User,Other Household Appliances,USD (US$),Statista,31.09,34.69,35.79,47.23,57.76,52.84,68.46,84.4,105.9,106.6,110.8
Iran,Household Appliances,Average Revenue per User,Small Appliances,USD (US$),Statista,9.579,10.69,11.02,14.52,17.87,16.11,21.01,26.04,32.59,32.52,33.59
Iran,Household Appliances,Comparable Estimates - Household Appliances (Worldwide),*Statista,billion USD (US$),,128.4,145.6,163.7,197.3,233.1,221.4,264.4,291.3,322.3,342.6,365.2
Iran,Household Appliances,Comparable Estimates - Household Appliances (Worldwide),Million Insights,billion USD (US$),,,,,316,329.6,,,,,,
Iran,Household Appliances,Comparable Estimates - Household Appliances (Worldwide),The BRC,billion USD (US$),,,,307.6,,,,433.4,,,,
Iran,Household Appliances,Online & Offline Split,Offline,percent,Statista,94.976,93.295,91.78,89.193,85.703,80.798,75.839,69.497,62.034,,
Iran,Household Appliances,Online & Offline Split,Online,percent,Statista,5.024,6.705,8.22,10.807,14.297,19.202,24.161,30.503,37.966,,
Iran,Household Appliances,Mobile/Desktop Split,Desktop,percent,Statista,66.295,60.726,55.825,53.453,52.469,52.103,51.984,51.957,51.961,,
Iran,Household Appliances,Mobile/Desktop Split,Mobile,percent,Statista,33.705,39.274,44.175,46.547,47.531,47.897,48.016,48.043,48.039,,
Iran,Household Appliances,Users,Total,million users,Statista,9.693,12.346,15.703,19.37,23.544,27.713,31.613,34.579,37.6,41.162,44.576
Iran,Household Appliances,Users,Major Appliances,million users,Statista,3.877,4.938,6.281,7.748,9.418,11.085,12.645,13.832,15.04,16.465,17.831
Iran,Household Appliances,Users,Other Household Appliances,million users,Statista,1.939,2.469,3.141,3.874,4.709,5.543,6.323,6.916,7.52,8.232,8.915
Iran,Household Appliances,Users,Small Appliances,million users,Statista,7.754,9.877,12.562,15.496,18.835,22.17,25.29,27.663,30.08,32.93,35.661
Iran,Household Appliances,Penetration Rate,Household Appliances,percent,Statista,12.015,15.093,18.939,23.061,27.689,32.216,36.347,39.342,42.354,45.928,49.292
Iran,Household Appliances,Penetration Rate,Major Appliances,percent,Statista,4.806,6.037,7.576,9.225,11.076,12.886,14.539,15.737,16.942,18.371,19.717
Iran,Household Appliances,Penetration Rate,Other Household Appliances,percent,Statista,2.403,3.019,3.788,4.612,5.538,6.443,7.269,7.868,8.471,9.186,9.858
Iran,Household Appliances,Penetration Rate,Small Appliances,percent,Statista,9.612,12.074,15.151,18.449,22.152,25.773,29.077,31.474,33.883,36.743,39.434
Iran,"Beauty, Health, Personal & Household Care",Revenue,Total,million USD (US$),Statista,310.6,442.9,565,761.5,"1,084","1,157","1,625","2,038","2,577","2,834","3,151"
Iran,"Beauty, Health, Personal & Household Care",Revenue,Beauty Care,million USD (US$),Statista,72.77,103.7,131.1,175.9,248.8,259.4,355.2,433.7,535.5,588.6,652.2
Iran,"Beauty, Health, Personal & Household Care",Revenue,Health Care,million USD (US$),Statista,5.473,5.846,6.621,7.394,11.78,16.87,29.45,39.76,46.89,52.64,58.91
Iran,"Beauty, Health, Personal & Household Care",Revenue,Household Care,million USD (US$),Statista,34.17,47.26,60.95,89.22,138.3,161.5,248.4,345.7,480.2,527.6,593.9
Iran,"Beauty, Health, Personal & Household Care",Revenue,Personal Care,million USD (US$),Statista,198.2,286.1,366.3,489,684.8,719.2,991.9,"1,219","1,515","1,665","1,846"
Iran,"Beauty, Health, Personal & Household Care",Revenue Change,Total,percent,Statista,,42.595,27.568,34.779,42.351,6.734,40.449,25.415,26.447,9.973,11.186
Iran,"Beauty, Health, Personal & Household Care",Revenue Change,Beauty Care,percent,Statista,,42.504,26.422,34.172,41.444,4.26,36.931,22.1,23.472,9.916,10.805
Iran,"Beauty, Health, Personal & Household Care",Revenue Change,Health Care,percent,Statista,,6.815,13.257,11.675,59.318,43.209,74.57,35.008,17.933,12.263,11.911
Iran,"Beauty, Health, Personal & Household Care",Revenue Change,Household Care,percent,Statista,,38.308,28.967,46.382,55.01,16.775,53.808,39.171,38.907,9.871,12.566
Iran,"Beauty, Health, Personal & Household Care",Revenue Change,Personal Care,percent,Statista,,44.349,28.032,33.497,40.041,5.023,37.917,22.895,24.282,9.901,10.871
Iran,"Beauty, Health, Personal & Household Care",Average Revenue per User by Segment,Total,USD (US$),Statista,27.88,33.51,36.32,42.43,53.95,53.15,69.47,82.4,98.49,103.2,110
Iran,"Beauty, Health, Personal & Household Care",Average Revenue per User by Segment,Beauty Care,USD (US$),Statista,9.332,11.21,12.04,14,17.7,17.02,21.69,25.05,29.24,30.62,32.51
Iran,"Beauty, Health, Personal & Household Care",Average Revenue per User by Segment,Health Care,USD (US$),Statista,0.768,0.691,0.665,0.644,0.916,1.211,1.967,2.511,2.8,2.995,3.211
Iran,"Beauty, Health, Personal & Household Care",Average Revenue per User by Segment,Household Care,USD (US$),Statista,8.072,9.41,10.31,13.08,18.12,19.52,27.94,36.78,48.3,50.55,54.53
Iran,"Beauty, Health, Personal & Household Care",Average Revenue per User by Segment,Personal Care,USD (US$),Statista,28.69,34.91,37.99,43.94,54.99,53.29,68.4,79.49,93.36,97.78,103.9
Iran,"Beauty, Health, Personal & Household Care",Comparable Estimates - eCommerce (Worldwide),*Statista,trillion USD (US$),,2.249,2.429,2.642,3.282,3.86,3.609,4.505,5.037,5.675,6.021,6.429
Iran,"Beauty, Health, Personal & Household Care",Comparable Estimates - eCommerce (Worldwide),The BRC,trillion USD (US$),,,,,,2.634,3.048,,,,4.798,
Iran,"Beauty, Health, Personal & Household Care",Comparable Estimates - eCommerce (Worldwide),UNCTAD,trillion USD (US$),,,,4.87,,,,,,,,
Iran,"Beauty, Health, Personal & Household Care",Online & Offline Split,Offline,percent,Statista,96.546,95.228,94.072,91.525,88.878,86.912,84.404,81.271,77.454,,
Iran,"Beauty, Health, Personal & Household Care",Online & Offline Split,Online,percent,Statista,3.454,4.772,5.928,8.475,11.122,13.088,15.596,18.729,22.546,,
Iran,"Beauty, Health, Personal & Household Care",Mobile/Desktop Split,Desktop,percent,Statista,66.292,61.229,57.1,54.862,53.712,53.111,52.696,52.423,52.212,,
Iran,"Beauty, Health, Personal & Household Care",Mobile/Desktop Split,Mobile,percent,Statista,33.708,38.771,42.9,45.138,46.288,46.889,47.304,47.577,47.788,,
Iran,"Beauty, Health, Personal & Household Care",Users by Segment,Total,million users,Statista,11.14,13.217,15.555,17.949,20.086,21.768,23.391,24.737,26.167,27.464,28.661
Iran,"Beauty, Health, Personal & Household Care",Users by Segment,Beauty Care,million users,Statista,7.798,9.252,10.888,12.564,14.06,15.238,16.374,17.316,18.317,19.225,20.063
Iran,"Beauty, Health, Personal & Household Care",Users by Segment,Health Care,million users,Statista,7.13,8.459,9.955,11.487,12.855,13.932,14.97,15.832,16.747,17.577,18.343
Iran,"Beauty, Health, Personal & Household Care",Users by Segment,Household Care,million users,Statista,4.233,5.022,5.911,6.821,7.633,8.272,8.889,9.4,9.944,10.437,10.892
Iran,"Beauty, Health, Personal & Household Care",Users by Segment,Personal Care,million users,Statista,6.907,8.195,9.644,11.128,12.453,13.496,14.503,15.337,16.224,17.028,17.77
Iran,"Beauty, Health, Personal & Household Care",Penetration Rate by Segment,"Beauty, Health, Personal & Household Care",percent,Statista,13.809,16.158,18.76,21.37,23.623,25.305,26.894,28.144,29.476,30.644,31.693
Iran,"Beauty, Health, Personal & Household Care",Penetration Rate by Segment,Beauty Care,percent,Statista,9.666,11.31,13.132,14.959,16.536,17.714,18.826,19.701,20.633,21.451,22.186
Iran,"Beauty, Health, Personal & Household Care",Penetration Rate by Segment,Health Care,percent,Statista,8.837,10.341,12.007,13.676,15.118,16.195,17.212,18.012,18.865,19.613,20.284
Iran,"Beauty, Health, Personal & Household Care",Penetration Rate by Segment,Household Care,percent,Statista,5.247,6.14,7.129,8.12,8.977,9.616,10.22,10.695,11.201,11.645,12.044
Iran,"Beauty, Health, Personal & Household Care",Penetration Rate by Segment,Personal Care,percent,Statista,8.561,10.018,11.631,13.249,14.646,15.689,16.674,17.45,18.275,19,19.65
Iran,Personal Care,Revenue,Total,million USD (US$),Statista,198.2,286.1,366.3,489,684.8,719.2,991.9,"1,219","1,515","1,665","1,846"
Iran,Personal Care,Revenue,Body Care,million USD (US$),Statista,35.7,51.31,65.52,85.05,118.1,125.3,174.3,215.5,269.2,295.7,328.2
Iran,Personal Care,Revenue,Eye Care,million USD (US$),Statista,8.424,12.74,16.86,30.91,39.6,37.54,47.36,54.9,64.31,70.78,77.82
Iran,Personal Care,Revenue,Hair Care,million USD (US$),Statista,32.13,46.62,59.92,78.3,110.1,116.8,162.4,200.7,250.6,275.6,305.9
Iran,Personal Care,Revenue,Oral Care,million USD (US$),Statista,14.14,20.5,26.2,34.06,47.68,50.38,69.79,85.94,106.9,117.5,130.3
Iran,Personal Care,Revenue,Other Personal Care,million USD (US$),Statista,60.09,86.8,111.1,144.7,202.2,214.4,298,368.1,459.4,504.7,559.9
Iran,Personal Care,Revenue,Skin Care,million USD (US$),Statista,47.68,68.13,86.7,116,167.1,174.8,240.1,294.1,364.3,400.6,444.2
Iran,Personal Care,Revenue Change,Total,percent,Statista,,44.349,28.032,33.497,40.041,5.023,37.917,22.895,24.282,9.901,10.871
Iran,Personal Care,Revenue Change,Body Care,percent,Statista,,43.725,27.694,29.808,38.859,6.097,39.106,23.637,24.919,9.844,10.991
Iran,Personal Care,Revenue Change,Eye Care,percent,Statista,,51.235,32.339,83.333,28.114,-5.202,26.159,15.921,17.14,10.061,9.946
Iran,Personal Care,Revenue Change,Hair Care,percent,Statista,,45.098,28.529,30.674,40.613,6.085,39.041,23.584,24.863,9.976,10.994
Iran,Personal Care,Revenue Change,Oral Care,percent,Statista,,44.979,27.805,30,39.988,5.663,38.527,23.141,24.389,9.916,10.894
Iran,Personal Care,Revenue Change,Other Personal Care,percent,Statista,,44.45,27.995,30.243,39.737,6.034,38.993,23.523,24.803,9.861,10.937
Iran,Personal Care,Revenue Change,Skin Care,percent,Statista,,42.89,27.257,33.795,44.052,4.608,37.357,22.491,23.869,9.964,10.884
Iran,Personal Care,Average Revenue per User,Total,USD (US$),Statista,28.69,34.91,37.99,43.94,54.99,53.29,68.4,79.49,93.36,97.78,103.9
Iran,Personal Care,Average Revenue per User,Body Care,USD (US$),Statista,7.602,9.207,9.991,11.24,13.95,13.66,17.67,20.66,24.4,25.54,27.16
Iran,Personal Care,Average Revenue per User,Eye Care,USD (US$),Statista,2.439,3.109,3.496,5.555,6.36,5.562,6.531,7.159,7.928,8.313,8.759
Iran,Personal Care,Average Revenue per User,Hair Care,USD (US$),Statista,8.947,10.94,11.95,13.53,17,16.64,21.54,25.17,29.71,31.12,33.1
Iran,Personal Care,Average Revenue per User,Oral Care,USD (US$),Statista,4.178,5.105,5.545,6.246,7.814,7.618,9.821,11.44,13.45,14.08,14.97
Iran,Personal Care,Average Revenue per User,Other Personal Care,USD (US$),Statista,19.33,23.54,25.61,28.89,36.09,35.3,45.66,53.33,62.92,65.87,70.02
Iran,Personal Care,Average Revenue per User,Skin Care,USD (US$),Statista,15.69,18.9,20.43,23.68,30.49,29.43,37.62,43.58,51.03,53.47,56.81
Iran,Personal Care,Comparable Estimates - eCommerce (Worldwide),*Statista,trillion USD (US$),,2.249,2.429,2.642,3.282,3.86,3.609,4.505,5.037,5.675,6.021,6.429
Iran,Personal Care,Comparable Estimates - eCommerce (Worldwide),The BRC,trillion USD (US$),,,,,,2.634,3.048,,,,4.798,
Iran,Personal Care,Comparable Estimates - eCommerce (Worldwide),UNCTAD,trillion USD (US$),,,,4.87,,,,,,,,
Iran,Personal Care,Online & Offline Split,Offline,percent,Statista,94.41,92.227,90.329,85.43,81.455,78.925,75.902,71.699,66.606,,
Iran,Personal Care,Online & Offline Split,Online,percent,Statista,5.59,7.773,9.671,14.57,18.545,21.075,24.098,28.301,33.394,,
Iran,Personal Care,Mobile/Desktop Split,Desktop,percent,Statista,66.261,60.696,55.794,53.424,52.441,52.077,51.959,51.933,51.938,,
Iran,Personal Care,Mobile/Desktop Split,Mobile,percent,Statista,33.739,39.304,44.206,46.576,47.559,47.923,48.041,48.067,48.062,,
Iran,Personal Care,Users,Total,million users,Statista,6.907,8.195,9.644,11.128,12.453,13.496,14.503,15.337,16.224,17.028,17.77
Iran,Personal Care,Users,Body Care,million users,Statista,4.697,5.572,6.558,7.567,8.468,9.177,9.862,10.429,11.032,11.579,12.084
Iran,Personal Care,Users,Eye Care,million users,Statista,3.453,4.097,4.822,5.564,6.227,6.748,7.251,7.668,8.112,8.514,8.885
Iran,Personal Care,Users,Hair Care,million users,Statista,3.592,4.261,5.015,5.787,6.476,7.018,7.541,7.975,8.436,8.855,9.241
Iran,Personal Care,Users,Oral Care,million users,Statista,3.384,4.015,4.726,5.453,6.102,6.613,7.106,7.515,7.95,8.344,8.708
Iran,Personal Care,Users,Other Personal Care,million users,Statista,3.108,3.688,4.34,5.008,5.604,6.073,6.526,6.902,7.301,7.663,7.997
Iran,Personal Care,Users,Skin Care,million users,Statista,3.039,3.606,4.243,4.896,5.479,5.938,6.381,6.748,7.138,7.492,7.819
Iran,Personal Care,Penetration Rate,Body Care,percent,Statista,5.822,6.812,7.909,9.009,9.959,10.669,11.338,11.866,12.427,12.92,13.363
Iran,Personal Care,Penetration Rate,Eye Care,percent,Statista,4.281,5.009,5.816,6.625,7.323,7.845,8.337,8.725,9.138,9.5,9.825
Iran,Personal Care,Penetration Rate,Hair Care,percent,Statista,4.452,5.209,6.048,6.89,7.616,8.158,8.671,9.074,9.503,9.88,10.218
Iran,Personal Care,Penetration Rate,Oral Care,percent,Statista,4.195,4.909,5.699,6.492,7.177,7.688,8.17,8.55,8.955,9.31,9.629
Iran,Personal Care,Penetration Rate,Other Personal Care,percent,Statista,3.853,4.508,5.234,5.962,6.591,7.06,7.503,7.852,8.224,8.55,8.843
Iran,Personal Care,Penetration Rate,Personal Care,percent,Statista,8.561,10.018,11.631,13.249,14.646,15.689,16.674,17.45,18.275,19,19.65
Iran,Personal Care,Penetration Rate,Skin Care,percent,Statista,3.767,4.408,5.118,5.83,6.444,6.903,7.337,7.678,8.041,8.36,8.646
Iran,Beauty Care,Average Revenue per User by Segment,Total,USD (US$),Statista,9.332,11.21,12.04,14,17.7,17.02,21.69,25.05,29.24,30.62,32.51
Iran,Beauty Care,Average Revenue per User by Segment,Cosmetics,USD (US$),Statista,5.101,6.077,6.473,7.536,9.408,9.023,11.46,13.2,15.37,16.09,17.07
Iran,Beauty Care,Average Revenue per User by Segment,Fragrances,USD (US$),Statista,0.661,0.749,0.762,1.297,1.428,1.286,1.548,1.737,1.973,2.064,2.181
Iran,Beauty Care,Average Revenue per User by Segment,Other Beauty Care,USD (US$),Statista,21.46,26.02,28.21,31.79,41.02,39.75,50.97,59.06,69.18,72.48,77.01
Iran,Beauty Care,Revenue,Total,million USD (US$),Statista,72.77,103.7,131.1,175.9,248.8,259.4,355.2,433.7,535.5,588.6,652.2
Iran,Beauty Care,Revenue,Cosmetics,million USD (US$),Statista,27.85,39.36,49.33,66.28,92.59,96.24,131.3,160,197,216.5,239.7
Iran,Beauty Care,Revenue,Fragrances,million USD (US$),Statista,3.093,4.159,4.975,9.777,12.05,11.76,15.2,18.05,21.68,23.81,26.25
Iran,Beauty Care,Revenue,Other Beauty Care,million USD (US$),Statista,41.83,60.19,76.79,99.86,144.2,151.4,208.7,255.7,316.8,348.4,386.3
Iran,Beauty Care,Revenue Change,Total,percent,Statista,,42.504,26.422,34.172,41.444,4.26,36.931,22.1,23.472,9.916,10.805
Iran,Beauty Care,Revenue Change,Cosmetics,percent,Statista,,41.329,25.33,34.36,39.695,3.942,36.43,21.858,23.125,9.898,10.716
Iran,Beauty Care,Revenue Change,Fragrances,percent,Statista,,34.465,19.62,96.523,23.248,-2.407,29.252,18.75,20.111,9.825,10.248
Iran,Beauty Care,Revenue Change,Other Beauty Care,percent,Statista,,43.892,27.579,30.043,44.402,4.993,37.847,22.52,23.895,9.975,10.878
Iran,Beauty Care,Comparable Estimates - eCommerce (Worldwide),*Statista,trillion USD (US$),,2.249,2.429,2.642,3.282,3.86,3.609,4.505,5.037,5.675,6.021,6.429
Iran,Beauty Care,Comparable Estimates - eCommerce (Worldwide),The BRC,trillion USD (US$),,,,,,2.634,3.048,,,,4.798,
Iran,Beauty Care,Comparable Estimates - eCommerce (Worldwide),UNCTAD,trillion USD (US$),,,,4.87,,,,,,,,
Iran,Beauty Care,Online & Offline Split,Offline,percent,Statista,91.749,89.004,86.776,81.173,76.839,74.358,71.519,67.956,63.978,,
Iran,Beauty Care,Online & Offline Split,Online,percent,Statista,8.251,10.996,13.224,18.827,23.161,25.642,28.481,32.044,36.022,,
Iran,Beauty Care,Mobile/Desktop Split,Desktop,percent,Statista,64.531,62.263,60.141,58.787,57.62,56.767,56.086,55.61,55.322,,
Iran,Beauty Care,Mobile/Desktop Split,Mobile,percent,Statista,35.469,37.737,39.859,41.213,42.38,43.233,43.914,44.39,44.678,,
Iran,Beauty Care,Users by Segment,Total,million users,Statista,7.798,9.252,10.888,12.564,14.06,15.238,16.374,17.316,18.317,19.225,20.063
Iran,Beauty Care,Users by Segment,Cosmetics,million users,Statista,5.459,6.476,7.622,8.795,9.842,10.666,11.462,12.121,12.822,13.458,14.044
Iran,Beauty Care,Users by Segment,Fragrances,million users,Statista,4.679,5.551,6.533,7.539,8.436,9.143,9.824,10.389,10.99,11.535,12.038
Iran,Beauty Care,Users by Segment,Other Beauty Care,million users,Statista,1.949,2.313,2.722,3.141,3.515,3.809,4.093,4.329,4.579,4.806,5.016
Iran,Beauty Care,Penetration Rate by Segment,Beauty Care,percent,Statista,9.666,11.31,13.132,14.959,16.536,17.714,18.826,19.701,20.633,21.451,22.186
Iran,Beauty Care,Penetration Rate by Segment,Cosmetics,percent,Statista,6.766,7.917,9.193,10.471,11.575,12.4,13.178,13.791,14.443,15.016,15.53
Iran,Beauty Care,Penetration Rate by Segment,Fragrances,percent,Statista,5.8,6.786,7.879,8.975,9.921,10.628,11.295,11.821,12.38,12.871,13.312
Iran,Beauty Care,Penetration Rate by Segment,Other Beauty Care,percent,Statista,2.417,2.828,3.283,3.74,4.134,4.428,4.706,4.925,5.158,5.363,5.547
Iran,Health Care,Average Revenue per User by Segment,Total,USD (US$),Statista,0.768,0.691,0.665,0.644,0.916,1.211,1.967,2.511,2.8,2.995,3.211
Iran,Health Care,Average Revenue per User by Segment,Analgesics,USD (US$),Statista,0.579,0.531,0.532,0.532,0.809,1.065,1.613,1.906,2.021,2.173,2.318
Iran,Health Care,Average Revenue per User by Segment,Cold & Cough Remedies,USD (US$),Statista,0.103,0.103,0.122,0.154,0.294,0.451,0.751,0.935,1.021,1.107,1.192
Iran,Health Care,Average Revenue per User by Segment,Digestives & Intestinal Remedies,USD (US$),Statista,0.255,0.236,0.239,0.243,0.374,0.497,0.758,0.901,0.962,1.035,1.105
Iran,Health Care,Average Revenue per User by Segment,Hand Sanitizer,USD (US$),Statista,0.045,0.044,0.047,0.069,0.089,0.121,0.22,0.322,0.406,0.431,0.468
Iran,Health Care,Average Revenue per User by Segment,Incontinence,USD (US$),Statista,0.256,0.222,0.197,0.18,0.177,0.154,0.17,0.169,0.164,0.164,0.164
Iran,Health Care,Average Revenue per User by Segment,Other Health Care,USD (US$),Statista,0.952,0.859,0.831,0.807,1.17,1.567,2.567,3.29,3.675,3.933,4.221
Iran,Health Care,Average Revenue per User by Segment,Skin Treatment,USD (US$),Statista,0.258,0.222,0.2,0.175,0.241,0.326,0.549,0.716,0.798,0.853,0.914
Iran,Health Care,Average Revenue per User by Segment,Vitamins & Minerals,USD (US$),Statista,0.287,0.249,0.218,0.167,0.176,0.197,0.369,0.561,0.677,0.712,0.765
Iran,Health Care,Revenue,Total,million USD (US$),Statista,5.473,5.846,6.621,7.394,11.78,16.87,29.45,39.76,46.89,52.64,58.91
Iran,Health Care,Revenue,Analgesics,million USD (US$),Statista,0.826,0.898,1.059,1.222,2.081,2.968,4.83,6.033,6.77,7.639,8.505
Iran,Health Care,Revenue,Cold & Cough Remedies,million USD (US$),Statista,0.292,0.348,0.486,0.71,1.51,2.514,4.494,5.921,6.842,7.783,8.749
Iran,Health Care,Revenue,Digestives & Intestinal Remedies,million USD (US$),Statista,0.544,0.599,0.714,0.836,1.441,2.076,3.403,4.279,4.835,5.457,6.083
Iran,Health Care,Revenue,Hand Sanitizer,million USD (US$),Statista,0.128,0.15,0.185,0.319,0.458,0.676,1.317,2.037,2.721,3.032,3.434
Iran,Health Care,Revenue,Incontinence,million USD (US$),Statista,0.364,0.375,0.391,0.414,0.454,0.429,0.51,0.534,0.55,0.576,0.601
Iran,Health Care,Revenue,Other Health Care,million USD (US$),Statista,1.561,1.671,1.903,2.132,3.459,5.022,8.84,11.98,14.16,15.9,17.81
Iran,Health Care,Revenue,Skin Treatment,million USD (US$),Statista,0.735,0.75,0.798,0.803,1.241,1.814,3.29,4.532,5.349,5.996,6.709
Iran,Health Care,Revenue,Vitamins & Minerals,million USD (US$),Statista,1.024,1.054,1.084,0.957,1.134,1.371,2.765,4.438,5.67,6.253,7.016
Iran,Health Care,Revenue Change,Total,percent,Statista,,6.815,13.257,11.675,59.318,43.209,74.57,35.008,17.933,12.263,11.911
Iran,Health Care,Revenue Change,Analgesics,percent,Statista,,8.831,17.876,15.392,70.295,42.624,62.736,24.907,12.216,12.836,11.337
Iran,Health Care,Revenue Change,Cold & Cough Remedies,percent,Statista,,19.009,39.529,46.16,112.706,66.49,78.759,31.753,15.555,13.753,12.412
Iran,Health Care,Revenue Change,Digestives & Intestinal Remedies,percent,Statista,,10.031,19.285,17.007,72.389,44.067,63.921,25.742,12.994,12.865,11.472
Iran,Health Care,Revenue Change,Hand Sanitizer,percent,Statista,,17.961,23.338,71.698,43.862,47.599,94.736,54.67,33.579,11.43,13.259
Iran,Health Care,Revenue Change,Incontinence,percent,Statista,,2.99,4.235,5.827,9.708,-5.635,18.871,4.729,2.979,4.803,4.288
Iran,Health Care,Revenue Change,Other Health Care,percent,Statista,,7.047,13.884,12.034,62.242,45.186,76.025,35.52,18.197,12.288,12.013
Iran,Health Care,Revenue Change,Skin Treatment,percent,Statista,,2.109,6.371,0.677,54.449,46.172,81.367,37.751,18.027,12.096,11.891
Iran,Health Care,Revenue Change,Vitamins & Minerals,percent,Statista,,2.93,2.846,-11.679,18.446,20.899,101.678,60.506,27.76,10.282,12.202
Iran,Health Care,Comparable Estimates - eCommerce (Worldwide),*Statista,trillion USD (US$),,2.249,2.429,2.642,3.282,3.86,3.609,4.505,5.037,5.675,6.021,6.429
Iran,Health Care,Comparable Estimates - eCommerce (Worldwide),The BRC,trillion USD (US$),,,,,,2.634,3.048,,,,4.798,
Iran,Health Care,Comparable Estimates - eCommerce (Worldwide),UNCTAD,trillion USD (US$),,,,4.87,,,,,,,,
Iran,Health Care,Online & Offline Split,Offline,percent,Statista,99.54,99.523,99.476,99.348,99.067,98.536,97.8,97.126,96.706,,
Iran,Health Care,Online & Offline Split,Online,percent,Statista,0.46,0.477,0.524,0.652,0.933,1.464,2.2,2.874,3.294,,
Iran,Health Care,Mobile/Desktop Split,Desktop,percent,Statista,68.738,65.097,62.185,59.444,56.933,54.584,52.411,50.66,48.979,,
Iran,Health Care,Mobile/Desktop Split,Mobile,percent,Statista,31.262,34.903,37.815,40.556,43.067,45.416,47.589,49.34,51.021,,
Iran,Health Care,Users by Segment,Total,million users,Statista,7.13,8.459,9.955,11.487,12.855,13.932,14.97,15.832,16.747,17.577,18.343
Iran,Health Care,Users by Segment,Analgesics,million users,Statista,1.426,1.692,1.991,2.297,2.571,2.786,2.994,3.166,3.349,3.516,3.669
Iran,Health Care,Users by Segment,Cold & Cough Remedies,million users,Statista,2.852,3.384,3.982,4.595,5.142,5.573,5.988,6.333,6.699,7.031,7.338
Iran,Health Care,Users by Segment,Digestives & Intestinal Remedies,million users,Statista,2.139,2.538,2.987,3.446,3.857,4.179,4.491,4.749,5.024,5.273,5.503
Iran,Health Care,Users by Segment,Hand Sanitizer,million users,Statista,2.852,3.384,3.982,4.595,5.142,5.573,5.988,6.333,6.699,7.031,7.338
Iran,Health Care,Users by Segment,Incontinence,million users,Statista,1.426,1.692,1.991,2.297,2.571,2.786,2.994,3.166,3.349,3.516,3.669
Iran,Health Care,Users by Segment,Other Health Care,million users,Statista,1.64,1.946,2.29,2.642,2.957,3.204,3.443,3.641,3.852,4.043,4.219
Iran,Health Care,Users by Segment,Skin Treatment,million users,Statista,2.852,3.384,3.982,4.595,5.142,5.573,5.988,6.333,6.699,7.031,7.338
Iran,Health Care,Users by Segment,Vitamins & Minerals,million users,Statista,3.565,4.229,4.978,5.744,6.428,6.966,7.485,7.916,8.374,8.789,9.172
Iran,Health Care,Penetration Rate by Segment,Analgesics,percent,Statista,1.767,2.068,2.401,2.735,3.024,3.239,3.442,3.602,3.773,3.923,4.057
Iran,Health Care,Penetration Rate by Segment,Cold & Cough Remedies,percent,Statista,3.535,4.136,4.803,5.471,6.047,6.478,6.885,7.205,7.546,7.845,8.114
Iran,Health Care,Penetration Rate by Segment,Digestives & Intestinal Remedies,percent,Statista,2.651,3.102,3.602,4.103,4.536,4.859,5.164,5.404,5.659,5.884,6.085
Iran,Health Care,Penetration Rate by Segment,Hand Sanitizer,percent,Statista,3.535,4.136,4.803,5.471,6.047,6.478,6.885,7.205,7.546,7.845,8.114
Iran,Health Care,Penetration Rate by Segment,Health Care,percent,Statista,8.837,10.341,12.007,13.676,15.118,16.195,17.212,18.012,18.865,19.613,20.284
Iran,Health Care,Penetration Rate by Segment,Incontinence,percent,Statista,1.767,2.068,2.401,2.735,3.024,3.239,3.442,3.602,3.773,3.923,4.057
Iran,Health Care,Penetration Rate by Segment,Other Health Care,percent,Statista,2.033,2.378,2.762,3.146,3.477,3.725,3.959,4.143,4.339,4.511,4.666
Iran,Health Care,Penetration Rate by Segment,Skin Treatment,percent,Statista,3.535,4.136,4.803,5.471,6.047,6.478,6.885,7.205,7.546,7.845,8.114
Iran,Health Care,Penetration Rate by Segment,Vitamins & Minerals,percent,Statista,4.419,5.17,6.003,6.838,7.559,8.098,8.606,9.006,9.432,9.806,10.142
Iran,Household Care,Average Revenue per User by Segment,Total,USD (US$),Statista,8.072,9.41,10.31,13.08,18.12,19.52,27.94,36.78,48.3,50.55,54.53
Iran,Household Care,Average Revenue per User by Segment,Dishwashing Detergents,USD (US$),Statista,0.881,1.083,1.214,1.612,2.346,2.482,3.46,4.473,5.84,6.118,6.595
Iran,Household Care,Average Revenue per User by Segment,Household Cleaners,USD (US$),Statista,1.389,1.7,1.901,2.571,3.832,4.053,5.646,7.295,9.527,9.984,10.77
Iran,Household Care,Average Revenue per User by Segment,Household Paper,USD (US$),Statista,5.878,5.105,4.622,4.561,5.512,6.907,11.11,14.32,16,17.01,18.19
Iran,Household Care,Average Revenue per User by Segment,Laundry Care,USD (US$),Statista,4.227,5.217,5.875,7.427,10.1,10.79,15.24,20.03,26.56,27.77,29.95
Iran,Household Care,Average Revenue per User by Segment,Other Household Care,USD (US$),Statista,12.4,15.26,17.15,22.08,30.86,32.86,46.18,60.35,79.63,83.31,89.85
Iran,Household Care,Average Revenue per User by Segment,Paper Tissues,USD (US$),Statista,0.411,0.36,0.321,0.296,0.292,0.256,0.285,0.283,0.278,0.278,0.279
Iran,Household Care,Average Revenue per User by Segment,"Polishes, Room Scents & Insecticides",USD (US$),Statista,1.387,1.702,1.91,2.394,3.234,3.452,4.871,6.406,8.509,8.89,9.59
Iran,Household Care,Average Revenue per User by Segment,Toilet Paper,USD (US$),Statista,2.165,2.701,3.099,4.446,6.421,6.871,10.25,14.34,20.26,21.11,22.9
Iran,Household Care,Revenue,Total,million USD (US$),Statista,34.17,47.26,60.95,89.22,138.3,161.5,248.4,345.7,480.2,527.6,593.9
Iran,Household Care,Revenue,Dishwashing Detergents,million USD (US$),Statista,1.566,2.285,3.014,4.619,7.52,8.622,12.92,17.66,24.39,26.82,30.17
Iran,Household Care,Revenue,Household Cleaners,million USD (US$),Statista,2.646,3.843,5.057,7.891,13.16,15.09,22.58,30.86,42.63,46.89,52.77
Iran,Household Care,Revenue,Household Paper,million USD (US$),Statista,5.723,5.897,6.283,7.155,9.677,13.14,22.72,30.96,36.58,40.84,45.57
Iran,Household Care,Revenue,Laundry Care,million USD (US$),Statista,7.157,10.48,13.89,20.26,30.82,35.71,54.17,75.31,105.7,115.9,130.5
Iran,Household Care,Revenue,Other Household Care,million USD (US$),Statista,11.55,16.86,22.3,33.14,51.82,59.8,90.3,124.8,174.2,191.3,215.3
Iran,Household Care,Revenue,Paper Tissues,million USD (US$),Statista,0.557,0.579,0.607,0.647,0.714,0.678,0.81,0.853,0.883,0.929,0.972
Iran,Household Care,Revenue,"Polishes, Room Scents & Insecticides",million USD (US$),Statista,1.762,2.565,3.387,4.899,7.406,8.566,12.99,18.07,25.38,27.84,31.34
Iran,Household Care,Revenue,Toilet Paper,million USD (US$),Statista,3.207,4.748,6.411,10.61,17.15,19.89,31.88,47.17,70.5,77.11,87.31
Iran,Household Care,Revenue Change,Total,percent,Statista,,38.308,28.967,46.382,55.01,16.775,53.808,39.171,38.907,9.871,12.566
Iran,Household Care,Revenue Change,Dishwashing Detergents,percent,Statista,,45.913,31.904,53.251,62.806,14.654,49.849,36.687,38.109,9.963,12.491
Iran,Household Care,Revenue Change,Household Cleaners,percent,Statista,,45.238,31.59,56.041,66.772,14.666,49.636,36.67,38.14,9.993,12.54
Iran,Household Care,Revenue Change,Household Paper,percent,Statista,,3.04,6.546,13.879,35.248,35.786,72.907,36.268,18.152,11.646,11.582
Iran,Household Care,Revenue Change,Laundry Care,percent,Statista,,46.43,32.538,45.86,52.122,15.866,51.694,39.025,40.353,9.65,12.597
Iran,Household Care,Revenue Change,Other Household Care,percent,Statista,,45.974,32.266,48.61,56.367,15.399,51.003,38.206,39.583,9.816,12.546
Iran,Household Care,Revenue Change,Paper Tissues,percent,Statista,,3.785,4.978,6.521,10.342,-5.071,19.54,5.284,3.53,5.176,4.641
Iran,Household Care,Revenue Change,"Polishes, Room Scents & Insecticides",percent,Statista,,45.573,32.047,44.641,51.174,15.663,51.646,39.107,40.454,9.693,12.572
Iran,Household Care,Revenue Change,Toilet Paper,percent,Statista,,48.051,35.025,65.497,61.64,15.977,60.282,47.961,49.459,9.376,13.228
Iran,Household Care,Comparable Estimates - eCommerce (Worldwide),*Statista,trillion USD (US$),,2.249,2.429,2.642,3.282,3.86,3.609,4.505,5.037,5.675,6.021,6.429
Iran,Household Care,Comparable Estimates - eCommerce (Worldwide),The BRC,trillion USD (US$),,,,,,2.634,3.048,,,,4.798,
Iran,Household Care,Comparable Estimates - eCommerce (Worldwide),UNCTAD,trillion USD (US$),,,,4.87,,,,,,,,
Iran,Household Care,Online & Offline Split,Offline,percent,Statista,98.988,98.623,98.253,97.495,96.277,95.051,93.318,90.995,87.95,,
Iran,Household Care,Online & Offline Split,Online,percent,Statista,1.012,1.377,1.747,2.505,3.723,4.949,6.682,9.005,12.05,,
Iran,Household Care,Mobile/Desktop Split,Desktop,percent,Statista,69.829,61.71,57.854,54.622,52.698,51.693,50.823,50.358,49.926,,
Iran,Household Care,Mobile/Desktop Split,Mobile,percent,Statista,30.171,38.29,42.146,45.378,47.302,48.307,49.177,49.642,50.074,,
Iran,Household Care,Users by Segment,Total,million users,Statista,4.233,5.022,5.911,6.821,7.633,8.272,8.889,9.4,9.944,10.437,10.892
Iran,Household Care,Users by Segment,Dishwashing Detergents,million users,Statista,1.778,2.109,2.483,2.865,3.206,3.474,3.733,3.948,4.176,4.383,4.575
Iran,Household Care,Users by Segment,Household Cleaners,million users,Statista,1.905,2.26,2.66,3.069,3.435,3.722,4,4.23,4.475,4.697,4.901
Iran,Household Care,Users by Segment,Household Paper,million users,Statista,0.974,1.155,1.359,1.569,1.756,1.903,2.044,2.162,2.287,2.4,2.505
Iran,Household Care,Users by Segment,Laundry Care,million users,Statista,1.693,2.009,2.364,2.728,3.053,3.309,3.555,3.76,3.977,4.175,4.357
Iran,Household Care,Users by Segment,Other Household Care,million users,Statista,0.931,1.105,1.3,1.501,1.679,1.82,1.956,2.068,2.188,2.296,2.396
Iran,Household Care,Users by Segment,Paper Tissues,million users,Statista,1.355,1.607,1.891,2.183,2.442,2.647,2.844,3.008,3.182,3.34,3.485
Iran,Household Care,Users by Segment,"Polishes, Room Scents & Insecticides",million users,Statista,1.27,1.507,1.773,2.046,2.29,2.482,2.667,2.82,2.983,3.131,3.267
Iran,Household Care,Users by Segment,Toilet Paper,million users,Statista,1.482,1.758,2.069,2.387,2.671,2.895,3.111,3.29,3.48,3.653,3.812
Iran,Household Care,Penetration Rate by Segment,Dishwashing Detergents,percent,Statista,2.204,2.579,2.994,3.411,3.77,4.039,4.292,4.492,4.704,4.891,5.059
Iran,Household Care,Penetration Rate by Segment,Household Care,percent,Statista,5.247,6.14,7.129,8.12,8.977,9.616,10.22,10.695,11.201,11.645,12.044
Iran,Household Care,Penetration Rate by Segment,Household Cleaners,percent,Statista,2.361,2.763,3.208,3.654,4.039,4.327,4.599,4.813,5.04,5.24,5.42
Iran,Household Care,Penetration Rate by Segment,Household Paper,percent,Statista,1.207,1.412,1.64,1.868,2.065,2.212,2.351,2.46,2.576,2.678,2.77
Iran,Household Care,Penetration Rate by Segment,Laundry Care,percent,Statista,2.099,2.456,2.852,3.248,3.591,3.846,4.088,4.278,4.48,4.658,4.818
Iran,Household Care,Penetration Rate by Segment,Other Household Care,percent,Statista,1.154,1.351,1.568,1.786,1.975,2.116,2.248,2.353,2.464,2.562,2.65
Iran,Household Care,Penetration Rate by Segment,Paper Tissues,percent,Statista,1.679,1.965,2.281,2.599,2.872,3.077,3.27,3.422,3.584,3.726,3.854
Iran,Household Care,Penetration Rate by Segment,"Polishes, Room Scents & Insecticides",percent,Statista,1.574,1.842,2.139,2.436,2.693,2.885,3.066,3.208,3.36,3.494,3.613
Iran,Household Care,Penetration Rate by Segment,Toilet Paper,percent,Statista,1.837,2.149,2.495,2.842,3.142,3.366,3.577,3.743,3.92,4.076,4.216
Iran,Food,Revenue,Total,million USD (US$),Statista,49.98,91.46,147.8,303.5,690.2,902.1,"1,533","2,397","3,381","3,748","4,256"
Iran,Food,Revenue,Bread & Cereal Products,million USD (US$),Statista,6.059,11.29,18.57,41.62,112.4,147.6,251.6,395.1,558.6,619.8,704.2
Iran,Food,Revenue,Confectionery & Snacks,million USD (US$),Statista,11.79,21.27,33.83,70.49,162.8,209.4,349.9,535.9,739.7,822,931.9
Iran,Food,Revenue,Convenience Food,million USD (US$),Statista,2.626,4.784,7.706,15.77,34.14,44.38,75.25,118,167,185,210.1
Iran,Food,Revenue,Dairy Products & Eggs,million USD (US$),Statista,5.104,9.421,15.38,30.43,64.61,85.69,147.7,234.6,336.1,372,422.8
Iran,Food,Revenue,Fish & Seafood,million USD (US$),Statista,3.677,6.716,10.83,21.72,47.35,61.87,105,164.1,231.2,256.4,291.1
Iran,Food,Revenue,Fruits & Nuts,million USD (US$),Statista,4.643,8.509,13.77,27.77,60.8,79.87,136.4,214.7,305,337.9,383.8
Iran,Food,Revenue,Meat,million USD (US$),Statista,7.395,13.58,22.02,44.45,97.51,128.1,218.8,344.4,488.7,541.2,614.3
Iran,Food,Revenue,Oils & Fats,million USD (US$),Statista,1.535,2.81,4.544,8.916,18.78,24.74,42.41,67.08,95.91,106.1,120.6
Iran,Food,Revenue,Sauces & Spices,million USD (US$),Statista,0.546,1.02,1.694,3.378,7.385,9.928,17.37,28.05,40.97,45.26,51.49
Iran,Food,Revenue,Spreads & Sweeteners,million USD (US$),Statista,0.972,1.747,2.791,5.347,11.05,14.3,24.1,37.4,52.39,58.08,65.9
Iran,Food,Revenue,Vegetables,million USD (US$),Statista,5.639,10.32,16.66,33.57,73.38,96.23,164,257.7,365.3,404.8,459.7
Iran,Food,Revenue Change,Total,percent,Statista,,82.993,61.601,105.345,127.414,30.701,69.937,56.36,41.051,10.855,13.554
Iran,Food,Revenue Change,Bread & Cereal Products,percent,Statista,,86.334,64.482,124.125,170.062,31.317,70.461,57.035,41.382,10.956,13.617
Iran,Food,Revenue Change,Confectionery & Snacks,percent,Statista,,80.407,59.05,108.365,130.955,28.624,67.096,53.158,38.029,11.126,13.37
Iran,Food,Revenue Change,Convenience Food,percent,Statista,,82.178,61.079,104.646,116.487,29.994,69.558,56.811,41.525,10.778,13.568
Iran,Food,Revenue Change,Dairy Products & Eggs,percent,Statista,,84.581,63.252,97.854,112.323,32.627,72.366,58.835,43.265,10.681,13.656
Iran,Food,Revenue Change,Fish & Seafood,percent,Statista,,82.649,61.257,100.554,118.002,30.665,69.711,56.286,40.89,10.9,13.534
Iran,Food,Revenue Change,Fruits & Nuts,percent,Statista,,83.265,61.829,101.67,118.941,31.365,70.778,57.405,42.059,10.787,13.584
Iran,Food,Revenue Change,Meat,percent,Statista,,83.638,62.15,101.862,119.37,31.371,70.804,57.404,41.899,10.743,13.507
Iran,Food,Revenue Change,Oils & Fats,percent,Statista,,83.062,61.708,96.215,110.633,31.736,71.423,58.17,42.979,10.625,13.666
Iran,Food,Revenue Change,Sauces & Spices,percent,Statista,,86.95,66.078,99.41,118.62,34.435,74.96,61.485,46.061,10.471,13.765
Iran,Food,Revenue Change,Spreads & Sweeteners,percent,Statista,,79.659,59.76,91.58,106.658,29.412,68.531,55.187,40.08,10.861,13.464
Iran,Food,Revenue Change,Vegetables,percent,Statista,,83.011,61.434,101.501,118.588,31.139,70.425,57.134,41.754,10.813,13.562
Iran,Food,Average Revenue per User,Total,USD (US$),Statista,9.694,14.25,18.66,32.2,62.68,71.63,109.4,159.1,209.3,215.7,229.7
Iran,Food,Average Revenue per User,Bread & Cereal Products,USD (US$),Statista,2.5,3.742,4.989,9.396,21.71,24.93,38.22,55.79,73.6,75.88,80.87
Iran,Food,Average Revenue per User,Confectionery & Snacks,USD (US$),Statista,4.666,6.762,8.716,15.27,30.17,33.94,51,72.59,93.48,96.52,102.6
Iran,Food,Average Revenue per User,Convenience Food,USD (US$),Statista,0.909,1.331,1.737,2.988,5.536,6.293,9.596,13.98,18.46,19.01,20.25
Iran,Food,Average Revenue per User,Dairy Products & Eggs,USD (US$),Statista,4.304,6.381,8.445,14.04,25.51,29.58,45.85,67.7,90.49,93.07,99.22
Iran,Food,Average Revenue per User,Fish & Seafood,USD (US$),Statista,3.754,5.506,7.194,12.13,22.63,25.86,39.46,57.33,75.36,77.64,82.68
Iran,Food,Average Revenue per User,Fruits & Nuts,USD (US$),Statista,1.732,2.549,3.343,5.667,10.62,12.2,18.73,27.41,36.32,37.39,39.84
Iran,Food,Average Revenue per User,Meat,USD (US$),Statista,4.781,7.049,9.267,15.72,29.52,33.92,52.09,76.19,100.9,103.8,110.5
Iran,Food,Average Revenue per User,Oils & Fats,USD (US$),Statista,1.191,1.751,2.295,3.785,6.823,7.858,12.11,17.81,23.75,24.43,26.04
Iran,Food,Average Revenue per User,Sauces & Spices,USD (US$),Statista,0.24,0.361,0.486,0.815,1.524,1.792,2.819,4.231,5.765,5.919,6.316
Iran,Food,Average Revenue per User,Spreads & Sweeteners,USD (US$),Statista,0.572,0.825,1.068,1.719,3.042,3.442,5.214,7.521,9.83,10.13,10.78
Iran,Food,Average Revenue per User,Vegetables,USD (US$),Statista,2.232,3.28,4.294,7.27,13.6,15.59,23.9,34.91,46.16,47.53,50.64
Iran,Food,Comparable Estimates - Food (Worldwide),*Statista,billion USD (US$),,73.5,91.13,111.4,168.8,229.6,245.3,328,410.2,518.3,560.2,616
Iran,Food,Comparable Estimates - Food (Worldwide),Common Thread Collective,billion USD (US$),,,90.4,110.6,167.7,228.4,274.1,333.6,411.2,513.3,,
Iran,Food,Online & Offline Split,Offline,percent,Statista,99.871,99.799,99.717,99.539,99.138,98.907,98.618,98.245,97.761,,
Iran,Food,Online & Offline Split,Online,percent,Statista,0.129,0.201,0.283,0.461,0.862,1.093,1.382,1.755,2.239,,
Iran,Food,Mobile/Desktop Split,Desktop,percent,Statista,65.843,59.48,55.297,52.532,50.64,49.475,48.559,47.889,47.377,,
Iran,Food,Mobile/Desktop Split,Mobile,percent,Statista,34.157,40.52,44.703,47.468,49.36,50.525,51.441,52.111,52.623,,
Iran,Food,Users,Total,million users,Statista,5.156,6.42,7.92,9.423,11.011,12.594,14.004,15.067,16.15,17.379,18.527
Iran,Food,Users,Bread & Cereal Products,million users,Statista,2.423,3.017,3.722,4.429,5.175,5.919,6.582,7.082,7.591,8.169,8.708
Iran,Food,Users,Confectionery & Snacks,million users,Statista,2.526,3.146,3.881,4.617,5.396,6.171,6.862,7.383,7.914,8.516,9.078
Iran,Food,Users,Convenience Food,million users,Statista,2.887,3.595,4.435,5.277,6.166,7.053,7.842,8.438,9.044,9.733,10.375
Iran,Food,Users,Dairy Products & Eggs,million users,Statista,1.186,1.477,1.822,2.167,2.533,2.897,3.221,3.466,3.715,3.997,4.261
Iran,Food,Users,Fish & Seafood,million users,Statista,0.98,1.22,1.505,1.79,2.092,2.393,2.661,2.863,3.069,3.302,3.52
Iran,Food,Users,Fruits & Nuts,million users,Statista,2.681,3.338,4.118,4.9,5.726,6.549,7.282,7.835,8.398,9.038,9.634
Iran,Food,Users,Meat,million users,Statista,1.547,1.926,2.376,2.827,3.303,3.778,4.201,4.52,4.845,5.214,5.558
Iran,Food,Users,Oils & Fats,million users,Statista,1.289,1.605,1.98,2.356,2.753,3.148,3.501,3.767,4.038,4.345,4.632
Iran,Food,Users,Sauces & Spices,million users,Statista,2.269,2.825,3.485,4.146,4.845,5.541,6.162,6.63,7.106,7.647,8.152
Iran,Food,Users,Spreads & Sweeteners,million users,Statista,1.702,2.119,2.614,3.11,3.634,4.156,4.621,4.972,5.33,5.735,6.114
Iran,Food,Users,Vegetables,million users,Statista,2.526,3.146,3.881,4.617,5.396,6.171,6.862,7.383,7.914,8.516,9.078
Iran,Food,Penetration Rate,Bread & Cereal Products,percent,Statista,3.004,3.689,4.489,5.273,6.087,6.881,7.567,8.057,8.55,9.114,9.629
Iran,Food,Penetration Rate,Confectionery & Snacks,percent,Statista,3.132,3.846,4.68,5.497,6.346,7.174,7.889,8.4,8.914,9.502,10.039
Iran,Food,Penetration Rate,Convenience Food,percent,Statista,3.579,4.395,5.349,6.283,7.252,8.199,9.016,9.6,10.188,10.86,11.473
Iran,Food,Penetration Rate,Dairy Products & Eggs,percent,Statista,1.47,1.805,2.197,2.58,2.979,3.367,3.703,3.943,4.184,4.46,4.712
Iran,Food,Penetration Rate,Fish & Seafood,percent,Statista,1.214,1.491,1.815,2.132,2.461,2.782,3.059,3.257,3.457,3.685,3.893
Iran,Food,Penetration Rate,Food,percent,Statista,6.391,7.848,9.552,11.219,12.95,14.64,16.101,17.143,18.192,19.392,20.487
Iran,Food,Penetration Rate,Fruits & Nuts,percent,Statista,3.323,4.081,4.967,5.834,6.734,7.613,8.372,8.914,9.46,10.084,10.653
Iran,Food,Penetration Rate,Meat,percent,Statista,1.917,2.354,2.866,3.366,3.885,4.392,4.83,5.143,5.458,5.818,6.146
Iran,Food,Penetration Rate,Oils & Fats,percent,Statista,1.598,1.962,2.388,2.805,3.238,3.66,4.025,4.286,4.548,4.848,5.122
Iran,Food,Penetration Rate,Sauces & Spices,percent,Statista,2.812,3.453,4.203,4.936,5.698,6.442,7.084,7.543,8.005,8.533,9.014
Iran,Food,Penetration Rate,Spreads & Sweeteners,percent,Statista,2.109,2.59,3.152,3.702,4.274,4.831,5.313,5.657,6.003,6.399,6.761
Iran,Food,Penetration Rate,Vegetables,percent,Statista,3.132,3.846,4.68,5.497,6.346,7.174,7.889,8.4,8.914,9.502,10.039
Iran,Bread & Cereal Products,Average Revenue per User by Segment,Total,USD (US$),Statista,2.5,3.742,4.989,9.396,21.71,24.93,38.22,55.79,73.6,75.88,80.87
Iran,Bread & Cereal Products,Average Revenue per User by Segment,Bread,USD (US$),Statista,1.847,2.758,3.669,6.928,16.1,18.44,28.18,40.98,53.83,55.52,59.15
Iran,Bread & Cereal Products,Average Revenue per User by Segment,Breakfast Cereals,USD (US$),Statista,0.134,0.201,0.269,0.466,0.886,1.039,1.629,2.435,3.297,3.388,3.615
Iran,Bread & Cereal Products,Average Revenue per User by Segment,Other Bread & Cereal Products,USD (US$),Statista,1.64,2.446,3.247,6.112,14.17,16.21,24.78,36.1,47.57,49.05,52.28
Iran,Bread & Cereal Products,Average Revenue per User by Segment,Pasta,USD (US$),Statista,0.275,0.413,0.553,1.049,2.45,2.818,4.327,6.32,8.333,8.592,9.159
Iran,Bread & Cereal Products,Average Revenue per User by Segment,Rice,USD (US$),Statista,0.269,0.41,0.556,1.068,2.529,2.945,4.576,6.767,9.035,9.305,9.927
Iran,Bread & Cereal Products,Revenue,Total,million USD (US$),Statista,6.059,11.29,18.57,41.62,112.4,147.6,251.6,395.1,558.6,619.8,704.2
Iran,Bread & Cereal Products,Revenue,Bread,million USD (US$),Statista,2.82,5.244,8.604,19.33,52.51,68.75,116.8,182.8,257.4,285.7,324.5
Iran,Bread & Cereal Products,Revenue,Breakfast Cereals,million USD (US$),Statista,0.269,0.504,0.832,1.711,3.806,5.104,8.9,14.31,20.77,22.97,26.12
Iran,Bread & Cereal Products,Revenue,Other Bread & Cereal Products,million USD (US$),Statista,1.788,3.32,5.439,12.18,32.99,43.18,73.4,115,162.5,180.3,204.8
Iran,Bread & Cereal Products,Revenue,Pasta,million USD (US$),Statista,0.6,1.122,1.852,4.183,11.41,15.01,25.63,40.28,56.92,63.17,71.78
Iran,Bread & Cereal Products,Revenue,Rice,million USD (US$),Statista,0.581,1.101,1.841,4.211,11.65,15.51,26.81,42.65,61.03,67.65,76.93
Iran,Bread & Cereal Products,Revenue Change,Total,percent,Statista,,86.334,64.482,124.125,170.062,31.317,70.461,57.035,41.382,10.956,13.617
Iran,Bread & Cereal Products,Revenue Change,Bread,percent,Statista,,85.957,64.073,124.663,171.65,30.927,69.891,56.507,40.81,10.995,13.581
Iran,Bread & Cereal Products,Revenue Change,Breakfast Cereals,percent,Statista,,87.226,65.093,105.55,122.443,34.104,74.373,60.787,45.143,10.592,13.714
Iran,Bread & Cereal Products,Revenue Change,Other Bread & Cereal Products,percent,Statista,,85.682,63.825,123.938,170.854,30.888,69.986,56.676,41.304,10.954,13.588
Iran,Bread & Cereal Products,Revenue Change,Pasta,percent,Statista,,86.969,65.062,125.864,172.771,31.551,70.753,57.16,41.311,10.98,13.63
Iran,Bread & Cereal Products,Revenue Change,Rice,percent,Statista,,89.566,67.212,128.734,176.656,33.133,72.856,59.082,43.095,10.847,13.718
Iran,Bread & Cereal Products,Comparable Estimates - Bread & Cereal Products (Worldwide),*Statista,billion USD (US$),,10.5,13.58,17.1,29.4,43.47,43.97,56.13,66.7,80.16,87.05,95.23
Iran,Bread & Cereal Products,Comparable Estimates - Bread & Cereal Products (Worldwide),Common Thread Collective,billion USD (US$),,,,,,43,,,,81,,
Iran,Bread & Cereal Products,Online & Offline Split,Offline,percent,Statista,99.824,99.727,99.617,99.347,98.573,98.214,97.782,97.236,96.548,,
Iran,Bread & Cereal Products,Online & Offline Split,Online,percent,Statista,0.176,0.273,0.383,0.653,1.427,1.786,2.218,2.764,3.452,,
Iran,Bread & Cereal Products,Mobile/Desktop Split,Desktop,percent,Statista,73.445,61.36,54.522,49.477,46.236,43.91,41.996,40.386,38.909,,
Iran,Bread & Cereal Products,Mobile/Desktop Split,Mobile,percent,Statista,26.555,38.64,45.478,50.523,53.764,56.09,58.004,59.614,61.091,,
Iran,Bread & Cereal Products,Users by Segment,Total,million users,Statista,2.423,3.017,3.722,4.429,5.175,5.919,6.582,7.082,7.591,8.169,8.708
Iran,Bread & Cereal Products,Users by Segment,Bread,million users,Statista,1.527,1.901,2.345,2.79,3.26,3.729,4.147,4.461,4.782,5.146,5.486
Iran,Bread & Cereal Products,Users by Segment,Breakfast Cereals,million users,Statista,2.011,2.504,3.09,3.676,4.296,4.913,5.463,5.878,6.3,6.78,7.228
Iran,Bread & Cereal Products,Users by Segment,Other Bread & Cereal Products,million users,Statista,1.091,1.358,1.675,1.993,2.329,2.664,2.962,3.187,3.416,3.676,3.919
Iran,Bread & Cereal Products,Users by Segment,Pasta,million users,Statista,2.181,2.716,3.35,3.986,4.658,5.327,5.924,6.374,6.832,7.352,7.837
Iran,Bread & Cereal Products,Users by Segment,Rice,million users,Statista,2.157,2.685,3.313,3.942,4.606,5.268,5.858,6.303,6.756,7.27,7.75
Iran,Bread & Cereal Products,Penetration Rate by Segment,Bread,percent,Statista,1.892,2.324,2.828,3.322,3.835,4.335,4.767,5.076,5.387,5.742,6.066
Iran,Bread & Cereal Products,Penetration Rate by Segment,Bread & Cereal Products,percent,Statista,3.004,3.689,4.489,5.273,6.087,6.881,7.567,8.057,8.55,9.114,9.629
Iran,Bread & Cereal Products,Penetration Rate by Segment,Breakfast Cereals,percent,Statista,2.493,3.062,3.726,4.377,5.052,5.711,6.281,6.688,7.097,7.565,7.992
Iran,Bread & Cereal Products,Penetration Rate by Segment,Other Bread & Cereal Products,percent,Statista,1.352,1.66,2.02,2.373,2.739,3.096,3.405,3.626,3.848,4.101,4.333
Iran,Bread & Cereal Products,Penetration Rate by Segment,Pasta,percent,Statista,2.704,3.32,4.04,4.746,5.478,6.193,6.811,7.252,7.695,8.203,8.666
Iran,Bread & Cereal Products,Penetration Rate by Segment,Rice,percent,Statista,2.673,3.283,3.996,4.693,5.417,6.124,6.735,7.171,7.61,8.112,8.57
Iran,Confectionery & Snacks,Average Revenue per User by Segment,Total,USD (US$),Statista,4.666,6.762,8.716,15.27,30.17,33.94,51,72.59,93.48,96.52,102.6
Iran,Confectionery & Snacks,Average Revenue per User by Segment,Confectionery,USD (US$),Statista,4.314,6.239,8.032,14.05,27.85,31.24,46.84,66.61,85.66,88.46,94.05
Iran,Confectionery & Snacks,Average Revenue per User by Segment,Other Confectionery & Snacks,USD (US$),Statista,0.123,0.178,0.229,0.401,0.793,0.891,1.34,1.907,2.456,2.536,2.698
Iran,Confectionery & Snacks,Average Revenue per User by Segment,Snack Food,USD (US$),Statista,1.141,1.665,2.155,3.787,7.419,8.424,12.74,18.2,23.53,24.29,25.85
Iran,Confectionery & Snacks,Revenue,Total,million USD (US$),Statista,11.79,21.27,33.83,70.49,162.8,209.4,349.9,535.9,739.7,822,931.9
Iran,Confectionery & Snacks,Revenue,Confectionery,million USD (US$),Statista,8.937,16.09,25.56,53.21,123.2,158.1,263.6,403.2,555.9,617.7,700.2
Iran,Confectionery & Snacks,Revenue,Other Confectionery & Snacks,million USD (US$),Statista,0.17,0.307,0.489,1.018,2.352,3.026,5.056,7.743,10.69,11.88,13.47
Iran,Confectionery & Snacks,Revenue,Snack Food,million USD (US$),Statista,2.681,4.872,7.778,16.26,37.23,48.34,81.3,125,173.2,192.4,218.2
Iran,Confectionery & Snacks,Revenue Change,Total,percent,Statista,,80.407,59.05,108.365,130.955,28.624,67.096,53.158,38.029,11.126,13.37
Iran,Confectionery & Snacks,Revenue Change,Confectionery,percent,Statista,,80.038,58.856,108.177,131.535,28.328,66.73,52.959,37.872,11.117,13.356
Iran,Confectionery & Snacks,Revenue Change,Other Confectionery & Snacks,percent,Statista,,80.446,59.03,108.308,131.041,28.656,67.085,53.145,38.06,11.132,13.384
Iran,Confectionery & Snacks,Revenue Change,Snack Food,percent,Statista,,81.723,59.647,109.051,128.967,29.842,68.184,53.752,38.56,11.085,13.41
Iran,Confectionery & Snacks,Comparable Estimates - Confectionery & Snacks (Worldwide),*Statista,billion USD (US$),,15.6,18.81,22.4,33.59,43.05,49.06,68.05,88.6,115.9,125,138.1
Iran,Confectionery & Snacks,Comparable Estimates - Confectionery & Snacks (Worldwide),Common Thread Collective,billion USD (US$),,,,,,43,,,,113,,
Iran,Confectionery & Snacks,Online & Offline Split,Offline,percent,Statista,99.874,99.806,99.729,99.552,99.141,98.92,98.648,98.308,97.875,,
Iran,Confectionery & Snacks,Online & Offline Split,Online,percent,Statista,0.126,0.194,0.271,0.448,0.859,1.08,1.352,1.692,2.125,,
Iran,Confectionery & Snacks,Mobile/Desktop Split,Desktop,percent,Statista,73.622,61.617,54.824,49.812,46.593,44.282,42.38,40.779,39.311,,
Iran,Confectionery & Snacks,Mobile/Desktop Split,Mobile,percent,Statista,26.378,38.383,45.176,50.188,53.407,55.718,57.62,59.221,60.689,,
Iran,Confectionery & Snacks,Users by Segment,Total,million users,Statista,2.526,3.146,3.881,4.617,5.396,6.171,6.862,7.383,7.914,8.516,9.078
Iran,Confectionery & Snacks,Users by Segment,Confectionery,million users,Statista,2.072,2.579,3.182,3.786,4.424,5.06,5.627,6.054,6.489,6.983,7.444
Iran,Confectionery & Snacks,Users by Segment,Other Confectionery & Snacks,million users,Statista,1.39,1.73,2.134,2.54,2.968,3.394,3.774,4.061,4.352,4.684,4.993
Iran,Confectionery & Snacks,Users by Segment,Snack Food,million users,Statista,2.35,2.925,3.609,4.294,5.018,5.739,6.382,6.866,7.36,7.92,8.443
Iran,Confectionery & Snacks,Penetration Rate by Segment,Confectionery,percent,Statista,2.568,3.153,3.838,4.508,5.203,5.882,6.469,6.888,7.31,7.792,8.232
Iran,Confectionery & Snacks,Penetration Rate by Segment,Confectionery & Snacks,percent,Statista,3.132,3.846,4.68,5.497,6.346,7.174,7.889,8.4,8.914,9.502,10.039
Iran,Confectionery & Snacks,Penetration Rate by Segment,Other Confectionery & Snacks,percent,Statista,1.722,2.115,2.574,3.024,3.49,3.946,4.339,4.62,4.903,5.226,5.521
Iran,Confectionery & Snacks,Penetration Rate by Segment,Snack Food,percent,Statista,2.913,3.576,4.353,5.112,5.901,6.672,7.337,7.812,8.29,8.837,9.336
Iran,Convenience Food,Average Revenue per User by Segment,Total,USD (US$),Statista,0.909,1.331,1.737,2.988,5.536,6.293,9.596,13.98,18.46,19.01,20.25
Iran,Convenience Food,Average Revenue per User by Segment,Ready-to-Eat Meals,USD (US$),Statista,1.205,1.771,2.321,4.002,7.437,8.476,12.96,18.92,25.03,25.76,27.45
Iran,Convenience Food,Average Revenue per User by Segment,Soups,USD (US$),Statista,0.129,0.181,0.227,0.378,0.675,0.741,1.093,1.546,1.987,2.05,2.178
Iran,Convenience Food,Revenue,Total,million USD (US$),Statista,2.626,4.784,7.706,15.77,34.14,44.38,75.25,118,167,185,210.1
Iran,Convenience Food,Revenue,Ready-to-Eat Meals,million USD (US$),Statista,2.402,4.394,7.102,14.57,31.64,41.25,70.11,110.1,156.2,173,196.5
Iran,Convenience Food,Revenue,Soups,million USD (US$),Statista,0.224,0.39,0.604,1.195,2.498,3.134,5.143,7.826,10.78,11.97,13.56
Iran,Convenience Food,Revenue Change,Total,percent,Statista,,82.178,61.079,104.646,116.487,29.994,69.558,56.811,41.525,10.778,13.568
Iran,Convenience Food,Revenue Change,Ready-to-Eat Meals,percent,Statista,,82.931,61.629,105.153,117.159,30.373,69.964,57.039,41.871,10.755,13.584
Iran,Convenience Food,Revenue Change,Soups,percent,Statista,,74.364,54.764,97.782,109.038,25.46,64.103,52.168,37.746,11.039,13.283
Iran,Convenience Food,Comparable Estimates - Food (Worldwide),*Statista,billion USD (US$),,73.5,91.13,111.4,168.8,229.6,245.3,328,410.2,518.3,560.2,616
Iran,Convenience Food,Comparable Estimates - Food (Worldwide),Common Thread Collective,billion USD (US$),,,90.4,110.6,167.7,228.4,274.1,333.6,411.2,513.3,,
Iran,Convenience Food,Online & Offline Split,Offline,percent,Statista,99.876,99.807,99.728,99.564,99.214,99.002,98.735,98.384,97.923,,
Iran,Convenience Food,Online & Offline Split,Online,percent,Statista,0.124,0.193,0.272,0.436,0.786,0.998,1.265,1.616,2.077,,
Iran,Convenience Food,Mobile/Desktop Split,Desktop,percent,Statista,66.295,60.726,55.825,53.453,52.469,52.103,51.984,51.957,51.961,,
Iran,Convenience Food,Mobile/Desktop Split,Mobile,percent,Statista,33.705,39.274,44.175,46.547,47.531,47.897,48.016,48.043,48.039,,
Iran,Convenience Food,Users by Segment,Total,million users,Statista,2.887,3.595,4.435,5.277,6.166,7.053,7.842,8.438,9.044,9.733,10.375
Iran,Convenience Food,Users by Segment,Ready-to-Eat Meals,million users,Statista,1.992,2.481,3.06,3.641,4.255,4.866,5.411,5.822,6.24,6.716,7.159
Iran,Convenience Food,Users by Segment,Soups,million users,Statista,1.732,2.157,2.661,3.166,3.7,4.232,4.705,5.063,5.426,5.84,6.225
Iran,Convenience Food,Penetration Rate by Segment,Convenience Food,percent,Statista,3.579,4.395,5.349,6.283,7.252,8.199,9.016,9.6,10.188,10.86,11.473
Iran,Convenience Food,Penetration Rate by Segment,Ready-to-Eat Meals,percent,Statista,2.47,3.033,3.691,4.335,5.004,5.657,6.221,6.624,7.03,7.493,7.916
Iran,Convenience Food,Penetration Rate by Segment,Soups,percent,Statista,2.147,2.637,3.209,3.77,4.351,4.919,5.41,5.76,6.113,6.516,6.884
Iran,Dairy Products & Eggs,Average Revenue per User by Segment,Total,USD (US$),Statista,4.304,6.381,8.445,14.04,25.51,29.58,45.85,67.7,90.49,93.07,99.22
Iran,Dairy Products & Eggs,Average Revenue per User by Segment,Cheese,USD (US$),Statista,0.692,1.039,1.392,2.344,4.311,5.062,7.948,11.89,16.11,16.55,17.66
Iran,Dairy Products & Eggs,Average Revenue per User by Segment,Eggs,USD (US$),Statista,1.095,1.609,2.106,3.474,6.257,7.201,11.08,16.25,21.59,22.22,23.68
Iran,Dairy Products & Eggs,Average Revenue per User by Segment,Milk,USD (US$),Statista,0.357,0.519,0.673,1.099,1.956,2.239,3.428,5.003,6.618,6.811,7.254
Iran,Dairy Products & Eggs,Average Revenue per User by Segment,Other Dairy Products & Eggs,USD (US$),Statista,7.588,11.24,14.89,24.71,44.9,51.96,80.36,118.3,157.7,162.2,172.9
Iran,Dairy Products & Eggs,Average Revenue per User by Segment,Yogurt,USD (US$),Statista,0.691,1.036,1.383,2.326,4.268,5.012,7.868,11.77,15.94,16.38,17.47
Iran,Dairy Products & Eggs,Revenue,Total,million USD (US$),Statista,5.104,9.421,15.38,30.43,64.61,85.69,147.7,234.6,336.1,372,422.8
Iran,Dairy Products & Eggs,Revenue,Cheese,million USD (US$),Statista,0.615,1.151,1.901,3.81,8.189,11,19.2,30.9,44.88,49.62,56.43
Iran,Dairy Products & Eggs,Revenue,Eggs,million USD (US$),Statista,0.558,1.021,1.649,3.237,6.814,8.97,15.35,24.22,34.49,38.19,43.38
Iran,Dairy Products & Eggs,Revenue,Milk,million USD (US$),Statista,0.33,0.598,0.956,1.859,3.864,5.059,8.613,13.52,19.17,21.24,24.11
Iran,Dairy Products & Eggs,Revenue,Other Dairy Products & Eggs,million USD (US$),Statista,3.15,5.81,9.492,18.75,39.8,52.68,90.59,143.5,205,227,257.9
Iran,Dairy Products & Eggs,Revenue,Yogurt,million USD (US$),Statista,0.451,0.841,1.385,2.773,5.945,7.985,13.94,22.43,32.57,36.01,40.95
Iran,Dairy Products & Eggs,Revenue Change,Total,percent,Statista,,84.581,63.252,97.854,112.323,32.627,72.366,58.835,43.265,10.681,13.656
Iran,Dairy Products & Eggs,Revenue Change,Cheese,percent,Statista,,87.124,65.161,100.421,114.934,34.327,74.545,60.938,45.243,10.561,13.724
Iran,Dairy Products & Eggs,Revenue Change,Eggs,percent,Statista,,82.877,61.508,96.301,110.504,31.641,71.126,57.785,42.403,10.728,13.59
Iran,Dairy Products & Eggs,Revenue Change,Milk,percent,Statista,,81.053,59.846,94.415,107.854,30.927,70.251,56.972,41.79,10.798,13.512
Iran,Dairy Products & Eggs,Revenue Change,Other Dairy Products & Eggs,percent,Statista,,84.444,63.373,97.535,112.267,32.362,71.963,58.406,42.857,10.732,13.612
Iran,Dairy Products & Eggs,Revenue Change,Yogurt,percent,Statista,,86.646,64.607,100.217,114.389,34.315,74.577,60.904,45.207,10.562,13.718
Iran,Dairy Products & Eggs,Comparable Estimates - Dairy Products & Eggs (Worldwide),*Statista,billion USD (US$),,7.819,9.672,11.84,17.09,22.71,24.25,32.69,41.2,52.55,56.62,62.13
Iran,Dairy Products & Eggs,Comparable Estimates - Dairy Products & Eggs (Worldwide),Common Thread Collective,billion USD (US$),,,,,,22,,,,51,,
Iran,Dairy Products & Eggs,Online & Offline Split,Offline,percent,Statista,99.876,99.806,99.723,99.563,99.24,99.025,98.751,98.389,97.911,,
Iran,Dairy Products & Eggs,Online & Offline Split,Online,percent,Statista,0.124,0.194,0.277,0.437,0.76,0.975,1.249,1.611,2.089,,
Iran,Dairy Products & Eggs,Mobile/Desktop Split,Desktop,percent,Statista,66.295,60.726,55.825,53.453,52.469,52.103,51.984,51.957,51.961,,
Iran,Dairy Products & Eggs,Mobile/Desktop Split,Mobile,percent,Statista,33.705,39.274,44.175,46.547,47.531,47.897,48.016,48.043,48.039,,
Iran,Dairy Products & Eggs,Users by Segment,Total,million users,Statista,1.186,1.477,1.822,2.167,2.533,2.897,3.221,3.466,3.715,3.997,4.261
Iran,Dairy Products & Eggs,Users by Segment,Cheese,million users,Statista,0.889,1.107,1.366,1.625,1.899,2.172,2.416,2.599,2.786,2.998,3.196
Iran,Dairy Products & Eggs,Users by Segment,Eggs,million users,Statista,0.51,0.635,0.783,0.932,1.089,1.246,1.385,1.49,1.597,1.719,1.832
Iran,Dairy Products & Eggs,Users by Segment,Milk,million users,Statista,0.925,1.152,1.421,1.691,1.975,2.259,2.512,2.703,2.897,3.118,3.324
Iran,Dairy Products & Eggs,Users by Segment,Other Dairy Products & Eggs,million users,Statista,0.415,0.517,0.638,0.759,0.886,1.014,1.127,1.213,1.3,1.399,1.491
Iran,Dairy Products & Eggs,Users by Segment,Yogurt,million users,Statista,0.652,0.812,1.002,1.192,1.393,1.593,1.771,1.906,2.043,2.199,2.344
Iran,Dairy Products & Eggs,Penetration Rate by Segment,Cheese,percent,Statista,1.102,1.354,1.648,1.935,2.234,2.525,2.777,2.957,3.138,3.345,3.534
Iran,Dairy Products & Eggs,Penetration Rate by Segment,Dairy Products & Eggs,percent,Statista,1.47,1.805,2.197,2.58,2.979,3.367,3.703,3.943,4.184,4.46,4.712
Iran,Dairy Products & Eggs,Penetration Rate by Segment,Eggs,percent,Statista,0.632,0.776,0.945,1.11,1.281,1.448,1.592,1.695,1.799,1.918,2.026
Iran,Dairy Products & Eggs,Penetration Rate by Segment,Milk,percent,Statista,1.147,1.408,1.714,2.013,2.323,2.626,2.888,3.075,3.264,3.479,3.675
Iran,Dairy Products & Eggs,Penetration Rate by Segment,Other Dairy Products & Eggs,percent,Statista,0.514,0.632,0.769,0.903,1.042,1.179,1.296,1.38,1.464,1.561,1.649
Iran,Dairy Products & Eggs,Penetration Rate by Segment,Yogurt,percent,Statista,0.808,0.993,1.208,1.419,1.638,1.852,2.037,2.169,2.301,2.453,2.592
Iran,Fish & Seafood,Average Revenue per User by Segment,Total,USD (US$),Statista,3.754,5.506,7.194,12.13,22.63,25.86,39.46,57.33,75.36,77.64,82.68
Iran,Fish & Seafood,Average Revenue per User by Segment,Fresh Fish,USD (US$),Statista,5.324,7.484,9.387,15.25,27.4,30.07,44.14,61.78,78.35,80.94,85.98
Iran,Fish & Seafood,Average Revenue per User by Segment,Fresh Seafood,USD (US$),Statista,3.01,4.669,6.403,11.25,21.78,25.84,40.79,61.08,82.45,84.77,90.45
Iran,Fish & Seafood,Average Revenue per User by Segment,Processed Fish & Seafood,USD (US$),Statista,1.061,1.63,2.218,3.874,7.465,8.806,13.84,20.65,27.79,28.58,30.5
Iran,Fish & Seafood,Revenue,Total,million USD (US$),Statista,3.677,6.716,10.83,21.72,47.35,61.87,105,164.1,231.2,256.4,291.1
Iran,Fish & Seafood,Revenue,Fresh Fish,million USD (US$),Statista,2.034,3.56,5.509,10.65,22.36,28.06,45.81,68.97,93.76,104.2,118
Iran,Fish & Seafood,Revenue,Fresh Seafood,million USD (US$),Statista,0.708,1.367,2.313,4.833,10.94,14.84,26.05,41.97,60.72,67.19,76.43
Iran,Fish & Seafood,Revenue,Processed Fish & Seafood,million USD (US$),Statista,0.936,1.789,3.004,6.243,14.06,18.96,33.14,53.19,76.76,84.95,96.61
Iran,Fish & Seafood,Revenue Change,Total,percent,Statista,,82.649,61.257,100.554,118.002,30.665,69.711,56.286,40.89,10.9,13.534
Iran,Fish & Seafood,Revenue Change,Fresh Fish,percent,Statista,,75.025,54.747,93.32,109.953,25.492,63.257,50.557,35.943,11.135,13.244
Iran,Fish & Seafood,Revenue Change,Fresh Seafood,percent,Statista,,93.161,69.203,108.949,126.36,35.649,75.539,61.113,44.675,10.655,13.752
Iran,Fish & Seafood,Revenue Change,Processed Fish & Seafood,percent,Statista,,91.173,67.915,107.823,125.212,34.851,74.789,60.501,44.313,10.67,13.726
Iran,Fish & Seafood,Comparable Estimates - Food (Worldwide),*Statista,billion USD (US$),,73.5,91.13,111.4,168.8,229.6,245.3,328,410.2,518.3,560.2,616
Iran,Fish & Seafood,Comparable Estimates - Food (Worldwide),Common Thread Collective,billion USD (US$),,,90.4,110.6,167.7,228.4,274.1,333.6,411.2,513.3,,
Iran,Fish & Seafood,Online & Offline Split,Offline,percent,Statista,99.876,99.807,99.73,99.569,99.228,99.024,98.769,98.437,98.007,,
Iran,Fish & Seafood,Online & Offline Split,Online,percent,Statista,0.124,0.193,0.27,0.431,0.772,0.976,1.231,1.563,1.993,,
Iran,Fish & Seafood,Mobile/Desktop Split,Desktop,percent,Statista,66.295,60.726,55.825,53.453,52.469,52.103,51.984,51.957,51.961,,
Iran,Fish & Seafood,Mobile/Desktop Split,Mobile,percent,Statista,33.705,39.274,44.175,46.547,47.531,47.897,48.016,48.043,48.039,,
Iran,Fish & Seafood,Users by Segment,Total,million users,Statista,0.98,1.22,1.505,1.79,2.092,2.393,2.661,2.863,3.069,3.302,3.52
Iran,Fish & Seafood,Users by Segment,Fresh Fish,million users,Statista,0.382,0.476,0.587,0.698,0.816,0.933,1.038,1.116,1.197,1.288,1.373
Iran,Fish & Seafood,Users by Segment,Fresh Seafood,million users,Statista,0.235,0.293,0.361,0.43,0.502,0.574,0.639,0.687,0.736,0.793,0.845
Iran,Fish & Seafood,Users by Segment,Processed Fish & Seafood,million users,Statista,0.882,1.098,1.354,1.611,1.883,2.154,2.395,2.577,2.762,2.972,3.168
Iran,Fish & Seafood,Penetration Rate by Segment,Fish & Seafood,percent,Statista,1.214,1.491,1.815,2.132,2.461,2.782,3.059,3.257,3.457,3.685,3.893
Iran,Fish & Seafood,Penetration Rate by Segment,Fresh Fish,percent,Statista,0.474,0.582,0.708,0.831,0.96,1.085,1.193,1.27,1.348,1.437,1.518
Iran,Fish & Seafood,Penetration Rate by Segment,Fresh Seafood,percent,Statista,0.291,0.358,0.436,0.512,0.591,0.668,0.734,0.782,0.83,0.884,0.934
Iran,Fish & Seafood,Penetration Rate by Segment,Processed Fish & Seafood,percent,Statista,1.093,1.342,1.633,1.918,2.214,2.503,2.753,2.931,3.111,3.316,3.503
Iran,Fruits & Nuts,Average Revenue per User by Segment,Total,USD (US$),Statista,1.732,2.549,3.343,5.667,10.62,12.2,18.73,27.41,36.32,37.39,39.84
Iran,Fruits & Nuts,Average Revenue per User by Segment,Fresh Fruits,USD (US$),Statista,2.157,3.179,4.173,7.081,13.28,15.26,23.45,34.32,45.5,46.84,49.91
Iran,Fruits & Nuts,Average Revenue per User by Segment,Nuts,USD (US$),Statista,0.188,0.275,0.357,0.602,1.118,1.283,1.969,2.881,3.822,3.933,4.191
Iran,Fruits & Nuts,Average Revenue per User by Segment,Processed & Frozen Fruits,USD (US$),Statista,0.255,0.373,0.486,0.819,1.524,1.743,2.663,3.878,5.115,5.267,5.61
Iran,Fruits & Nuts,Revenue,Total,million USD (US$),Statista,4.643,8.509,13.77,27.77,60.8,79.87,136.4,214.7,305,337.9,383.8
Iran,Fruits & Nuts,Revenue,Fresh Fruits,million USD (US$),Statista,4.049,7.428,12.03,24.29,53.23,69.96,119.5,188.3,267.5,296.3,336.6
Iran,Fruits & Nuts,Revenue,Nuts,million USD (US$),Statista,0.253,0.459,0.736,1.476,3.201,4.2,7.167,11.29,16.05,17.77,20.19
Iran,Fruits & Nuts,Revenue,Processed & Frozen Fruits,million USD (US$),Statista,0.342,0.622,1,2.006,4.364,5.706,9.696,15.19,21.48,23.8,27.03
Iran,Fruits & Nuts,Revenue Change,Total,percent,Statista,,83.265,61.829,101.67,118.941,31.365,70.778,57.405,42.059,10.787,13.584
Iran,Fruits & Nuts,Revenue Change,Fresh Fruits,percent,Statista,,83.453,61.955,101.912,119.144,31.43,70.812,57.573,42.061,10.766,13.601
Iran,Fruits & Nuts,Revenue Change,Nuts,percent,Statista,,81.663,60.41,100.598,116.87,31.209,70.643,57.528,42.161,10.717,13.618
Iran,Fruits & Nuts,Revenue Change,Processed & Frozen Fruits,percent,Statista,,82.095,60.668,100.6,117.547,30.752,69.926,56.663,41.409,10.801,13.571
Iran,Fruits & Nuts,Comparable Estimates - Food (Worldwide),*Statista,billion USD (US$),,73.5,91.13,111.4,168.8,229.6,245.3,328,410.2,518.3,560.2,616
Iran,Fruits & Nuts,Comparable Estimates - Food (Worldwide),Common Thread Collective,billion USD (US$),,,90.4,110.6,167.7,228.4,274.1,333.6,411.2,513.3,,
Iran,Fruits & Nuts,Online & Offline Split,Offline,percent,Statista,99.876,99.807,99.728,99.565,99.218,99.007,98.741,98.393,97.937,,
Iran,Fruits & Nuts,Online & Offline Split,Online,percent,Statista,0.124,0.193,0.272,0.435,0.782,0.993,1.259,1.607,2.063,,
Iran,Fruits & Nuts,Mobile/Desktop Split,Desktop,percent,Statista,56.224,54.08,52.878,52.214,51.89,51.742,51.682,51.666,51.666,,
Iran,Fruits & Nuts,Mobile/Desktop Split,Mobile,percent,Statista,43.776,45.92,47.122,47.786,48.11,48.258,48.318,48.334,48.334,,
Iran,Fruits & Nuts,Users by Segment,Total,million users,Statista,2.681,3.338,4.118,4.9,5.726,6.549,7.282,7.835,8.398,9.038,9.634
Iran,Fruits & Nuts,Users by Segment,Fresh Fruits,million users,Statista,1.877,2.337,2.883,3.43,4.008,4.584,5.097,5.485,5.879,6.326,6.744
Iran,Fruits & Nuts,Users by Segment,Nuts,million users,Statista,1.341,1.669,2.059,2.45,2.863,3.274,3.641,3.918,4.199,4.519,4.817
Iran,Fruits & Nuts,Users by Segment,Processed & Frozen Fruits,million users,Statista,1.341,1.669,2.059,2.45,2.863,3.274,3.641,3.918,4.199,4.519,4.817
Iran,Fruits & Nuts,Penetration Rate by Segment,Fresh Fruits,percent,Statista,2.326,2.857,3.477,4.084,4.714,5.329,5.861,6.24,6.622,7.059,7.457
Iran,Fruits & Nuts,Penetration Rate by Segment,Fruits & Nuts,percent,Statista,3.323,4.081,4.967,5.834,6.734,7.613,8.372,8.914,9.46,10.084,10.653
Iran,Fruits & Nuts,Penetration Rate by Segment,Nuts,percent,Statista,1.662,2.041,2.484,2.917,3.367,3.806,4.186,4.457,4.73,5.042,5.327
Iran,Fruits & Nuts,Penetration Rate by Segment,Processed & Frozen Fruits,percent,Statista,1.662,2.041,2.484,2.917,3.367,3.806,4.186,4.457,4.73,5.042,5.327
Iran,Meat,Average Revenue per User by Segment,Total,USD (US$),Statista,4.781,7.049,9.267,15.72,29.52,33.92,52.09,76.19,100.9,103.8,110.5
Iran,Meat,Average Revenue per User by Segment,Fresh Meat,USD (US$),Statista,4.433,6.537,8.596,14.62,27.5,31.73,48.93,71.88,95.61,98.29,104.7
Iran,Meat,Average Revenue per User by Segment,Processed Meat,USD (US$),Statista,1.98,2.917,3.834,6.48,12.12,13.82,21.06,30.56,40.12,41.35,44.03
Iran,Meat,Revenue,Total,million USD (US$),Statista,7.395,13.58,22.02,44.45,97.51,128.1,218.8,344.4,488.7,541.2,614.3
Iran,Meat,Revenue,Fresh Meat,million USD (US$),Statista,4.731,8.688,14.09,28.51,62.68,82.71,141.8,224.2,319.6,353.6,401.4
Iran,Meat,Revenue,Processed Meat,million USD (US$),Statista,2.664,4.888,7.925,15.94,34.83,45.44,76.99,120.2,169.1,187.6,212.9
Iran,Meat,Revenue Change,Total,percent,Statista,,83.638,62.15,101.862,119.37,31.371,70.804,57.404,41.899,10.743,13.507
Iran,Meat,Revenue Change,Fresh Meat,percent,Statista,,83.64,62.178,102.342,119.853,31.956,71.442,58.11,42.551,10.638,13.518
Iran,Meat,Revenue Change,Processed Meat,percent,Statista,,83.483,62.132,101.136,118.507,30.462,69.432,56.124,40.682,10.94,13.486
Iran,Meat,Comparable Estimates - Meat (Worldwide),*Statista,billion USD (US$),,9.887,11.76,13.92,20.64,26.88,30.14,41.97,54.61,71.56,77.12,85.15
Iran,Meat,Comparable Estimates - Meat (Worldwide),Common Thread Collective,billion USD (US$),,,,,,26,,,,70,,
Iran,Meat,Online & Offline Split,Offline,percent,Statista,99.876,99.806,99.725,99.558,99.202,98.982,98.704,98.34,97.863,,
Iran,Meat,Online & Offline Split,Online,percent,Statista,0.124,0.194,0.275,0.442,0.798,1.018,1.296,1.66,2.137,,
Iran,Meat,Mobile/Desktop Split,Desktop,percent,Statista,62.706,61.091,59.094,57.891,56.751,55.816,54.888,54.428,54.428,,
Iran,Meat,Mobile/Desktop Split,Mobile,percent,Statista,37.294,38.909,40.906,42.109,43.249,44.184,45.112,45.572,45.572,,
Iran,Meat,Users by Segment,Total,million users,Statista,1.547,1.926,2.376,2.827,3.303,3.778,4.201,4.52,4.845,5.214,5.558
Iran,Meat,Users by Segment,Fresh Meat,million users,Statista,1.067,1.329,1.639,1.951,2.279,2.607,2.899,3.119,3.343,3.598,3.835
Iran,Meat,Users by Segment,Processed Meat,million users,Statista,1.346,1.676,2.067,2.459,2.874,3.287,3.655,3.933,4.215,4.536,4.836
Iran,Meat,Penetration Rate by Segment,Fresh Meat,percent,Statista,1.323,1.625,1.977,2.322,2.681,3.031,3.333,3.549,3.766,4.014,4.241
Iran,Meat,Penetration Rate by Segment,Meat,percent,Statista,1.917,2.354,2.866,3.366,3.885,4.392,4.83,5.143,5.458,5.818,6.146
Iran,Meat,Penetration Rate by Segment,Processed Meat,percent,Statista,1.668,2.048,2.493,2.928,3.38,3.821,4.202,4.474,4.748,5.061,5.347
Iran,Oils & Fats,Average Revenue per User by Segment,Total,USD (US$),Statista,1.191,1.751,2.295,3.785,6.823,7.858,12.11,17.81,23.75,24.43,26.04
Iran,Oils & Fats,Average Revenue per User by Segment,Butter,USD (US$),Statista,0.467,0.687,0.9,1.484,2.675,3.077,4.733,6.937,9.214,9.48,10.1
Iran,Oils & Fats,Average Revenue per User by Segment,Edible Oils,USD (US$),Statista,0.648,0.953,1.25,2.063,3.721,4.295,6.645,9.822,13.2,13.56,14.46
Iran,Oils & Fats,Average Revenue per User by Segment,Margarine,USD (US$),Statista,0.181,0.264,0.344,0.563,1.006,1.148,1.754,2.553,3.369,3.468,3.694
Iran,Oils & Fats,Average Revenue per User by Segment,Other Oils & Fats,USD (US$),Statista,0.257,0.379,0.499,0.828,1.503,1.737,2.679,3.931,5.219,5.371,5.724
Iran,Oils & Fats,Revenue,Total,million USD (US$),Statista,1.535,2.81,4.544,8.916,18.78,24.74,42.41,67.08,95.91,106.1,120.6
Iran,Oils & Fats,Revenue,Butter,million USD (US$),Statista,0.481,0.882,1.426,2.797,5.891,7.749,13.25,20.9,29.76,32.95,37.43
Iran,Oils & Fats,Revenue,Edible Oils,million USD (US$),Statista,0.668,1.223,1.98,3.888,8.194,10.82,18.61,29.6,42.62,47.14,53.57
Iran,Oils & Fats,Revenue,Margarine,million USD (US$),Statista,0.187,0.339,0.544,1.061,2.216,2.893,4.912,7.694,10.88,12.06,13.69
Iran,Oils & Fats,Revenue,Other Oils & Fats,million USD (US$),Statista,0.199,0.365,0.593,1.17,2.483,3.281,5.627,8.885,12.64,14,15.91
Iran,Oils & Fats,Revenue Change,Total,percent,Statista,,83.062,61.708,96.215,110.633,31.736,71.423,58.17,42.979,10.625,13.666
Iran,Oils & Fats,Revenue Change,Butter,percent,Statista,,83.233,61.696,96.143,110.619,31.54,70.99,57.736,42.392,10.719,13.596
Iran,Oils & Fats,Revenue Change,Edible Oils,percent,Statista,,83.084,61.897,96.364,110.751,32.048,71.996,59.054,43.986,10.605,13.64
Iran,Oils & Fats,Revenue Change,Margarine,percent,Statista,,81.735,60.448,94.893,108.86,30.551,69.789,56.637,41.409,10.846,13.516
Iran,Oils & Fats,Revenue Change,Other Oils & Fats,percent,Statista,,83.753,62.442,97.169,112.222,32.139,71.503,57.899,42.262,10.759,13.643
Iran,Oils & Fats,Comparable Estimates - Food (Worldwide),*Statista,billion USD (US$),,73.5,91.13,111.4,168.8,229.6,245.3,328,410.2,518.3,560.2,616
Iran,Oils & Fats,Comparable Estimates - Food (Worldwide),Common Thread Collective,billion USD (US$),,,90.4,110.6,167.7,228.4,274.1,333.6,411.2,513.3,,
Iran,Oils & Fats,Online & Offline Split,Offline,percent,Statista,99.876,99.806,99.725,99.567,99.248,99.036,98.765,98.404,97.923,,
Iran,Oils & Fats,Online & Offline Split,Online,percent,Statista,0.124,0.194,0.275,0.433,0.752,0.964,1.235,1.596,2.077,,
Iran,Oils & Fats,Mobile/Desktop Split,Desktop,percent,Statista,62.707,61.091,59.094,57.891,56.751,55.816,54.888,54.428,54.428,,
Iran,Oils & Fats,Mobile/Desktop Split,Mobile,percent,Statista,37.293,38.909,40.906,42.109,43.249,44.184,45.112,45.572,45.572,,
Iran,Oils & Fats,Users by Segment,Total,million users,Statista,1.289,1.605,1.98,2.356,2.753,3.148,3.501,3.767,4.038,4.345,4.632
Iran,Oils & Fats,Users by Segment,Butter,million users,Statista,1.031,1.284,1.584,1.885,2.202,2.519,2.801,3.013,3.23,3.476,3.705
Iran,Oils & Fats,Users by Segment,Edible Oils,million users,Statista,1.031,1.284,1.584,1.885,2.202,2.519,2.801,3.013,3.23,3.476,3.705
Iran,Oils & Fats,Users by Segment,Margarine,million users,Statista,1.031,1.284,1.584,1.885,2.202,2.519,2.801,3.013,3.23,3.476,3.705
Iran,Oils & Fats,Users by Segment,Other Oils & Fats,million users,Statista,0.773,0.963,1.188,1.413,1.652,1.889,2.101,2.26,2.423,2.607,2.779
Iran,Oils & Fats,Penetration Rate by Segment,Butter,percent,Statista,1.278,1.57,1.91,2.244,2.59,2.928,3.22,3.429,3.638,3.878,4.097
Iran,Oils & Fats,Penetration Rate by Segment,Edible Oils,percent,Statista,1.278,1.57,1.91,2.244,2.59,2.928,3.22,3.429,3.638,3.878,4.097
Iran,Oils & Fats,Penetration Rate by Segment,Margarine,percent,Statista,1.278,1.57,1.91,2.244,2.59,2.928,3.22,3.429,3.638,3.878,4.097
Iran,Oils & Fats,Penetration Rate by Segment,Oils & Fats,percent,Statista,1.598,1.962,2.388,2.805,3.238,3.66,4.025,4.286,4.548,4.848,5.122
Iran,Oils & Fats,Penetration Rate by Segment,Other Oils & Fats,percent,Statista,0.959,1.177,1.433,1.683,1.943,2.196,2.415,2.571,2.729,2.909,3.073
Iran,Sauces & Spices,Average Revenue per User by Segment,Total,USD (US$),Statista,0.24,0.361,0.486,0.815,1.524,1.792,2.819,4.231,5.765,5.919,6.316
Iran,Sauces & Spices,Average Revenue per User by Segment,Spices & Culinary Herbs,USD (US$),Statista,0.184,0.277,0.374,0.632,1.199,1.414,2.231,3.357,4.58,4.702,5.019
Iran,Sauces & Spices,Average Revenue per User by Segment,Tomato Ketchup,USD (US$),Statista,0.156,0.233,0.311,0.515,0.942,1.101,1.724,2.576,3.502,3.595,3.836
Iran,Sauces & Spices,Revenue,Total,million USD (US$),Statista,0.546,1.02,1.694,3.378,7.385,9.928,17.37,28.05,40.97,45.26,51.49
Iran,Sauces & Spices,Revenue,Spices & Culinary Herbs,million USD (US$),Statista,0.333,0.625,1.043,2.096,4.647,6.268,11,17.8,26.04,28.77,32.73
Iran,Sauces & Spices,Revenue,Tomato Ketchup,million USD (US$),Statista,0.212,0.395,0.651,1.282,2.738,3.66,6.372,10.25,14.93,16.5,18.76
Iran,Sauces & Spices,Revenue Change,Total,percent,Statista,,86.95,66.078,99.41,118.62,34.435,74.96,61.485,46.061,10.471,13.765
Iran,Sauces & Spices,Revenue Change,Spices & Culinary Herbs,percent,Statista,,87.549,66.853,100.959,121.708,34.883,75.495,61.818,46.292,10.484,13.764
Iran,Sauces & Spices,Revenue Change,Tomato Ketchup,percent,Statista,,86.105,64.844,96.837,113.573,33.674,74.098,60.86,45.659,10.516,13.697
Iran,Sauces & Spices,Comparable Estimates - Food (Worldwide),*Statista,billion USD (US$),,73.5,91.13,111.4,168.8,229.6,245.3,328,410.2,518.3,560.2,616
Iran,Sauces & Spices,Comparable Estimates - Food (Worldwide),Common Thread Collective,billion USD (US$),,,90.4,110.6,167.7,228.4,274.1,333.6,411.2,513.3,,
Iran,Sauces & Spices,Online & Offline Split,Online,percent,Statista,0.124,0.196,0.284,0.455,0.811,1.051,1.363,1.786,2.357,,
Iran,Sauces & Spices,Mobile/Desktop Split,Desktop,percent,Statista,56.043,53.898,52.701,52.041,51.723,51.579,51.525,51.513,51.513,,
Iran,Sauces & Spices,Mobile/Desktop Split,Mobile,percent,Statista,43.957,46.102,47.299,47.959,48.277,48.421,48.475,48.487,48.487,,
Iran,Sauces & Spices,Users by Segment,Total,million users,Statista,2.269,2.825,3.485,4.146,4.845,5.541,6.162,6.63,7.106,7.647,8.152
Iran,Sauces & Spices,Users by Segment,Spices & Culinary Herbs,million users,Statista,1.815,2.26,2.788,3.317,3.876,4.433,4.929,5.304,5.685,6.118,6.522
Iran,Sauces & Spices,Users by Segment,Tomato Ketchup,million users,Statista,1.361,1.695,2.091,2.488,2.907,3.325,3.697,3.978,4.264,4.588,4.891
Iran,Sauces & Spices,Penetration Rate by Segment,Sauces & Spices,percent,Statista,2.812,3.453,4.203,4.936,5.698,6.442,7.084,7.543,8.005,8.533,9.014
Iran,Sauces & Spices,Penetration Rate by Segment,Spices & Culinary Herbs,percent,Statista,2.25,2.763,3.362,3.949,4.558,5.153,5.667,6.034,6.404,6.826,7.212
Iran,Sauces & Spices,Penetration Rate by Segment,Tomato Ketchup,percent,Statista,1.687,2.072,2.522,2.962,3.419,3.865,4.251,4.526,4.803,5.12,5.409
Iran,Spreads & Sweeteners,Average Revenue per User by Segment,Total,USD (US$),Statista,0.572,0.825,1.068,1.719,3.042,3.442,5.214,7.521,9.83,10.13,10.78
Iran,Spreads & Sweeteners,Average Revenue per User by Segment,Spreads,USD (US$),Statista,0.321,0.464,0.602,0.971,1.731,1.982,3.042,4.448,5.896,6.067,6.463
Iran,Spreads & Sweeteners,Average Revenue per User by Segment,Sweeteners,USD (US$),Statista,0.655,0.945,1.223,1.964,3.453,3.867,5.793,8.255,10.65,10.99,11.68
Iran,Spreads & Sweeteners,Revenue,Total,million USD (US$),Statista,0.972,1.747,2.791,5.347,11.05,14.3,24.1,37.4,52.39,58.08,65.9
Iran,Spreads & Sweeteners,Revenue,Spreads,million USD (US$),Statista,0.437,0.786,1.258,2.414,5.031,6.59,11.25,17.7,25.14,27.84,31.61
Iran,Spreads & Sweeteners,Revenue,Sweeteners,million USD (US$),Statista,0.535,0.961,1.534,2.932,6.023,7.713,12.85,19.7,27.25,30.25,34.29
Iran,Spreads & Sweeteners,Revenue Change,Total,percent,Statista,,79.659,59.76,91.58,106.658,29.412,68.531,55.187,40.08,10.861,13.464
Iran,Spreads & Sweeteners,Revenue Change,Spreads,percent,Statista,,79.886,60.031,91.892,108.409,30.988,70.713,57.333,42.034,10.74,13.542
Iran,Spreads & Sweeteners,Revenue Change,Sweeteners,percent,Statista,,79.436,59.675,91.134,105.423,28.059,66.602,53.307,38.325,11.009,13.355
Iran,Spreads & Sweeteners,Comparable Estimates - Food (Worldwide),*Statista,billion USD (US$),,73.5,91.13,111.4,168.8,229.6,245.3,328,410.2,518.3,560.2,616
Iran,Spreads & Sweeteners,Comparable Estimates - Food (Worldwide),Common Thread Collective,billion USD (US$),,,90.4,110.6,167.7,228.4,274.1,333.6,411.2,513.3,,
Iran,Spreads & Sweeteners,Online & Offline Split,Offline,percent,Statista,99.875,99.801,99.714,99.545,99.21,98.989,98.707,98.326,97.822,,
Iran,Spreads & Sweeteners,Online & Offline Split,Online,percent,Statista,0.125,0.199,0.286,0.455,0.79,1.011,1.293,1.674,2.178,,
Iran,Spreads & Sweeteners,Mobile/Desktop Split,Desktop,percent,Statista,56.043,53.898,52.701,52.041,51.723,51.579,51.525,51.513,51.513,,
Iran,Spreads & Sweeteners,Mobile/Desktop Split,Mobile,percent,Statista,43.957,46.102,47.299,47.959,48.277,48.421,48.475,48.487,48.487,,
Iran,Spreads & Sweeteners,Users by Segment,Total,million users,Statista,1.702,2.119,2.614,3.11,3.634,4.156,4.621,4.972,5.33,5.735,6.114
Iran,Spreads & Sweeteners,Users by Segment,Spreads,million users,Statista,1.361,1.695,2.091,2.488,2.907,3.325,3.697,3.978,4.264,4.588,4.891
Iran,Spreads & Sweeteners,Users by Segment,Sweeteners,million users,Statista,0.817,1.017,1.255,1.493,1.744,1.995,2.218,2.387,2.558,2.753,2.935
Iran,Spreads & Sweeteners,Penetration Rate by Segment,Spreads,percent,Statista,1.687,2.072,2.522,2.962,3.419,3.865,4.251,4.526,4.803,5.12,5.409
Iran,Spreads & Sweeteners,Penetration Rate by Segment,Spreads & Sweeteners,percent,Statista,2.109,2.59,3.152,3.702,4.274,4.831,5.313,5.657,6.003,6.399,6.761
Iran,Spreads & Sweeteners,Penetration Rate by Segment,Sweeteners,percent,Statista,1.012,1.243,1.513,1.777,2.051,2.319,2.55,2.715,2.882,3.072,3.245
Iran,Vegetables,Average Revenue per User by Segment,Total,USD (US$),Statista,2.232,3.28,4.294,7.27,13.6,15.59,23.9,34.91,46.16,47.53,50.64
Iran,Vegetables,Average Revenue per User by Segment,Fresh Vegetables,USD (US$),Statista,2.799,4.109,5.375,9.09,16.98,19.45,29.79,43.47,57.42,59.13,63
Iran,Vegetables,Average Revenue per User by Segment,Processed & Frozen Vegetables,USD (US$),Statista,0.545,0.806,1.063,1.815,3.421,3.949,6.095,8.96,11.93,12.27,13.08
Iran,Vegetables,Revenue,Total,million USD (US$),Statista,5.639,10.32,16.66,33.57,73.38,96.23,164,257.7,365.3,404.8,459.7
Iran,Vegetables,Revenue,Fresh Vegetables,million USD (US$),Statista,4.951,9.049,14.6,29.38,64.15,84.04,143.1,224.6,318.1,352.5,400.3
Iran,Vegetables,Revenue,Processed & Frozen Vegetables,million USD (US$),Statista,0.688,1.268,2.063,4.189,9.229,12.19,20.91,33.08,47.19,52.26,59.38
Iran,Vegetables,Revenue Change,Total,percent,Statista,,83.011,61.434,101.501,118.588,31.139,70.425,57.134,41.754,10.813,13.562
Iran,Vegetables,Revenue Change,Fresh Vegetables,percent,Statista,,82.771,61.344,101.233,118.346,31.005,70.276,56.953,41.63,10.814,13.56
Iran,Vegetables,Revenue Change,Processed & Frozen Vegetables,percent,Statista,,84.329,62.697,103.054,120.315,32.084,71.534,58.202,42.654,10.744,13.624
Iran,Vegetables,Comparable Estimates - Vegetables (Worldwide),*Statista,billion USD (US$),,7.843,9.812,12.02,17.83,24.47,25.76,34.23,42.47,53.34,57.77,63.58
Iran,Vegetables,Comparable Estimates - Vegetables (Worldwide),Common Thread Collective,billion USD (US$),,,,,,24,,,,53,,
Iran,Vegetables,Online & Offline Split,Offline,percent,Statista,99.876,99.807,99.729,99.566,99.221,99.012,98.748,98.404,97.954,,
Iran,Vegetables,Online & Offline Split,Online,percent,Statista,0.124,0.193,0.271,0.434,0.779,0.988,1.252,1.596,2.046,,
Iran,Vegetables,Mobile/Desktop Split,Desktop,percent,Statista,56.043,53.898,52.701,52.041,51.723,51.579,51.525,51.513,51.513,,
Iran,Vegetables,Mobile/Desktop Split,Mobile,percent,Statista,43.957,46.102,47.299,47.959,48.277,48.421,48.475,48.487,48.487,,
Iran,Vegetables,Users by Segment,Total,million users,Statista,2.526,3.146,3.881,4.617,5.396,6.171,6.862,7.383,7.914,8.516,9.078
Iran,Vegetables,Users by Segment,Fresh Vegetables,million users,Statista,1.769,2.202,2.717,3.232,3.777,4.32,4.803,5.168,5.54,5.961,6.355
Iran,Vegetables,Users by Segment,Processed & Frozen Vegetables,million users,Statista,1.263,1.573,1.94,2.309,2.698,3.086,3.431,3.692,3.957,4.258,4.539
Iran,Vegetables,Penetration Rate by Segment,Fresh Vegetables,percent,Statista,2.192,2.692,3.276,3.848,4.442,5.022,5.523,5.88,6.24,6.652,7.027
Iran,Vegetables,Penetration Rate by Segment,Processed & Frozen Vegetables,percent,Statista,1.566,1.923,2.34,2.749,3.173,3.587,3.945,4.2,4.457,4.751,5.019
Iran,Vegetables,Penetration Rate by Segment,Vegetables,percent,Statista,3.132,3.846,4.68,5.497,6.346,7.174,7.889,8.4,8.914,9.502,10.039
